observeDate,observatory,dataLose,rainfall
202402,麥寮合作社,,20
202401,麥寮合作社,,2
202402,高雄農改,,1
202401,高雄農改,,0
202402,高改旗南分場,*,7
202401,高改旗南分場,,0
202402,農試鳳山分所,,0
202401,農試鳳山分所,*,0
202402,農試溪口農場,,13
202401,農試溪口農場,,4
202402,農試嘉義分所,,33
202401,農試嘉義分所,,2
202402,農業試驗所,,22
202401,農業試驗所,,18
202402,農工中心,*,47
202401,農工中心,,54
202402,蓮華池,,28
202401,蓮華池,,10
202402,萬大發電廠,,54
202401,萬大發電廠,,18
202402,茶改東部分場,,48
202401,茶改東部分場,,15
202402,茶改南部分場,,43
202401,茶改南部分場,,6
202402,茶改北部分場,,103
202401,茶改北部分場,,132
202402,茶改中部分場,,35
202401,茶改中部分場,,11
202402,苗栗農改場,,47
202401,苗栗農改場,,23
202402,苗改生物防治研究中心,,43
202401,苗改生物防治研究中心,,31
202402,花蓮農改,,58
202401,花蓮農改,,11
202402,花改蘭陽分場,,69
202401,花改蘭陽分場,,50
202402,臺大雲林校區,,21
202401,臺大雲林校區,,2
202402,臺大竹山,,30
202401,臺大竹山,,4
202402,臺大溪頭,,44
202401,臺大溪頭,,16
202402,臺大和社,,33
202401,臺大和社,,9
202402,臺大內茅埔,,26
202401,臺大內茅埔,,10
202402,臺南農改場,,5
202401,臺南農改場,,1
202402,臺南蘭花園區,,23
202401,臺南蘭花園區,,2
202402,臺中農改場,,24
202401,臺中農改場,,11
202402,種苗繁殖場,,28
202401,種苗繁殖場,,16
202402,畜試東區分所,,81
202401,畜試東區分所,,46
202402,畜試南區分所,,6
202401,畜試南區分所,,36
202402,畜試北區分所,*,2
202401,畜試北區分所,,4
202402,畜產試驗所,,6
202401,畜產試驗所,,1
202402,王功漁港,,18
202401,王功漁港,,3
202402,海口故事園區,,6
202401,海口故事園區,,1
202402,水試臺西試驗場,,21
202401,水試臺西試驗場,,3
202402,水試所海水繁養殖中心,,8
202401,水試所海水繁養殖中心,,1
202402,桃改樹林分場,,56
202401,桃改樹林分場,,45
202402,桃改新埔工作站,*,33
202401,桃改新埔分場,,6
202402,桃改五峰分場,,58
202401,桃改五峰分場,,63
202402,桃園農改場,,69
202401,桃園農改場,,39
202402,桃園茶改場,,59
202401,桃園茶改場,,51
202402,林試畢祿溪站,*,0
202401,林試畢祿溪站,,8
202402,林試扇平站,,6
202401,林試扇平站,,2
202402,林試太麻里2,,18
202401,林試太麻里2,,22
202402,林試太麻里1,,35
202401,林試太麻里1,*,41
202402,林試六龜中心,,10
202401,林試六龜中心,,1
202402,東港工作站,,1
202401,東港工作站,,0
202402,東改賓朗果園,,57
202401,東改賓朗果園,,31
202402,東改班鳩分場,,63
202401,東改班鳩分場,,25
202402,恆春工作站,,0
202401,恆春工作站,,1
202402,布袋國中,,12
202401,布袋國中,,1
202402,崎峰國小,,1
202401,崎峰國小,,0
202402,四湖植物園,*,16
202401,四湖植物園,,3
202402,口湖工作站,,9
202401,口湖工作站,,2
202402,南改鹿草分場,,16
202401,南改鹿草分場,,2
202402,南改義竹分場,,20
202401,南改義竹分場,,3
202402,南改斗南分場,,22
202401,南改斗南分場,,6
202402,六官養殖協會,,7
202401,六官養殖協會,,1
202402,中改埔里分場,,47
202401,中改埔里分場,,13
202402,七股研究中心,,4
202401,七股研究中心,,1
202312,麥寮合作社,,6
202311,麥寮合作社,,0
202310,麥寮合作社,,13
202309,麥寮合作社,,235
202308,麥寮合作社,*,116
202307,麥寮合作社,,124
202306,麥寮合作社,,104
202305,麥寮合作社,*,195
202304,麥寮合作社,,111
202303,麥寮合作社,,10
202302,麥寮合作社,,8
202301,麥寮合作社,,5
202212,麥寮合作社,,12
202211,麥寮合作社,,4
202210,麥寮合作社,,5
202209,麥寮合作社,,13
202208,麥寮合作社,,151
202207,麥寮合作社,,32
202206,麥寮合作社,,207
202205,麥寮合作社,,264
202204,麥寮合作社,,18
202203,麥寮合作社,,94
202202,麥寮合作社,,77
202201,麥寮合作社,,24
202112,麥寮合作社,,16
202111,麥寮合作社,,6
202110,麥寮合作社,,6
202109,麥寮合作社,,10
202108,麥寮合作社,,529
202107,麥寮合作社,,72
202106,麥寮合作社,,412
202105,麥寮合作社,,69
202104,麥寮合作社,,39
202103,麥寮合作社,,9
202102,麥寮合作社,,28
202101,麥寮合作社,,1
202012,麥寮合作社,,無資料
202011,麥寮合作社,,無資料
202310,鳳山農試所,,3
202309,鳳山農試所,*,268
202308,鳳山農試所,,585
202307,鳳山農試所,,275
202306,鳳山農試所,,325
202305,鳳山農試所,,49
202304,鳳山農試所,,4
202303,鳳山農試所,,0
202302,鳳山農試所,,0
202301,鳳山農試所,,0
202212,鳳山農試所,,16
202211,鳳山農試所,,0
202210,鳳山農試所,,28
202209,鳳山農試所,,65
202208,鳳山農試所,,168
202207,鳳山農試所,,137
202206,鳳山農試所,,151
202205,鳳山農試所,,343
202204,鳳山農試所,,1
202203,鳳山農試所,,26
202202,鳳山農試所,,21
202201,鳳山農試所,,48
202112,鳳山農試所,,2
202111,鳳山農試所,,2
202110,鳳山農試所,,46
202109,鳳山農試所,,151
202108,鳳山農試所,,1058
202107,鳳山農試所,,697
202106,鳳山農試所,,1073
202105,鳳山農試所,,48
202104,鳳山農試所,,12
202306,魚池茶改場,,407
202305,魚池茶改場,,274
202304,魚池茶改場,,124
202303,魚池茶改場,,26
202302,魚池茶改場,,11
202301,魚池茶改場,,16
202212,魚池茶改場,,16
202211,魚池茶改場,,13
202210,魚池茶改場,,29
202209,魚池茶改場,,158
202208,魚池茶改場,,223
202207,魚池茶改場,,144
202206,魚池茶改場,,482
202205,魚池茶改場,,510
202204,魚池茶改場,,104
202203,魚池茶改場,,126
202202,魚池茶改場,,134
202201,魚池茶改場,,49
202112,魚池茶改場,,26
202111,魚池茶改場,,38
202110,魚池茶改場,,41
202109,魚池茶改場,,237
202108,魚池茶改場,,605
202107,魚池茶改場,,324
202106,魚池茶改場,,495
202105,魚池茶改場,,233
202104,魚池茶改場,,66
202103,魚池茶改場,,63
202102,魚池茶改場,,63
202101,魚池茶改場,,36
202012,魚池茶改場,,79
202011,魚池茶改場,,17
202010,魚池茶改場,,19
202009,魚池茶改場,,113
202008,魚池茶改場,,134
202007,魚池茶改場,,13
202006,魚池茶改場,,13
201912,魚池茶改場,*,148
201911,魚池茶改場,*,0
201910,魚池茶改場,*,11
201909,魚池茶改場,,91
201908,魚池茶改場,*,624
201907,魚池茶改場,,208
201906,魚池茶改場,,798
201905,魚池茶改場,*,754
201904,魚池茶改場,,XXX
201903,魚池茶改場,*,157
201902,魚池茶改場,*,9
201901,魚池茶改場,,9
201812,魚池茶改場,*,1
201811,魚池茶改場,*,30
201810,魚池茶改場,,XXX
201809,魚池茶改場,,XXX
201808,魚池茶改場,,XXX
201807,魚池茶改場,,XXX
201806,魚池茶改場,,XXX
201805,魚池茶改場,,XXX
201804,魚池茶改場,,XXX
201803,魚池茶改場,,XXX
201802,魚池茶改場,,XXX
201801,魚池茶改場,,XXX
202311,高雄農改場,,0
202310,高雄農改場,,4
202309,高雄農改場,*,517
202308,高雄農改場,,524
202307,高雄農改場,,300
202306,高雄農改場,,176
202305,高雄農改場,,72
202304,高雄農改場,,6
202303,高雄農改場,,1
202302,高雄農改場,,0
202301,高雄農改場,,0
202212,高雄農改場,,18
202211,高雄農改場,,10
202210,高雄農改場,,18
202209,高雄農改場,,70
202208,高雄農改場,,384
202207,高雄農改場,,145
202206,高雄農改場,,163
202205,高雄農改場,,342
202204,高雄農改場,,3
202203,高雄農改場,,21
202202,高雄農改場,*,24
202201,高雄農改場,*,0
202112,高雄農改場,,4
202111,高雄農改場,,5
202110,高雄農改場,,104
202109,高雄農改場,,151
202108,高雄農改場,,1311
202107,高雄農改場,,611
202106,高雄農改場,,1218
202105,高雄農改場,,122
202104,高雄農改場,,14
201912,高雄農改場,*,26
201911,高雄農改場,,3
201910,高雄農改場,*,53
201909,高雄農改場,*,185
201908,高雄農改場,,953
201907,高雄農改場,*,628
201906,高雄農改場,,373
201905,高雄農改場,*,271
201904,高雄農改場,*,0
201903,高雄農改場,*,0
201902,高雄農改場,,17
201901,高雄農改場,*,2
201812,高雄農改場,*,2
201811,高雄農改場,,0
201810,高雄農改場,*,51
201809,高雄農改場,,289
201808,高雄農改場,,977
201807,高雄農改場,,574
201806,高雄農改場,,601
201805,高雄農改場,,XXX
201804,高雄農改場,,17
201803,高雄農改場,,26
201802,高雄農改場,,7
201801,高雄農改場,,37
201712,高雄農改場,*,1
201711,高雄農改場,,21
201710,高雄農改場,,113
201709,高雄農改場,,115
201708,高雄農改場,,215
201707,高雄農改場,,705
201706,高雄農改場,,424
201705,高雄農改場,,66
201704,高雄農改場,,49
201703,高雄農改場,*,3
201702,高雄農改場,*,0
201701,高雄農改場,,XXX
201612,高雄農改場,,XXX
201611,高雄農改場,,32
201610,高雄農改場,,121
201609,高雄農改場,,1310
201608,高雄農改場,*,467
201607,高雄農改場,*,640
201606,高雄農改場,,XXX
201605,高雄農改場,,159
201604,高雄農改場,,237
201603,高雄農改場,,97
201602,高雄農改場,,4
201601,高雄農改場,,75
201512,高雄農改場,,41
201511,高雄農改場,*,1
201510,高雄農改場,,XXX
201509,高雄農改場,,112
201508,高雄農改場,,538
201507,高雄農改場,,320
201506,高雄農改場,,20
201505,高雄農改場,*,53
201504,高雄農改場,*,6
201503,高雄農改場,,0
201502,高雄農改場,*,8
201501,高雄農改場,,4
201412,高雄農改場,*,10
201411,高雄農改場,*,19
201410,高雄農改場,,2
201409,高雄農改場,,247
201408,高雄農改場,,530
201407,高雄農改場,,377
201406,高雄農改場,*,158
201405,高雄農改場,*,164
201404,高雄農改場,,11
201403,高雄農改場,,33
201402,高雄農改場,*,17
201401,高雄農改場,*,0
201312,高雄農改場,*,38
201311,高雄農改場,,22
201310,高雄農改場,,15
201309,高雄農改場,,200
201308,高雄農改場,,819
201307,高雄農改場,*,110
201306,高雄農改場,,156
201305,高雄農改場,*,166
201304,高雄農改場,,134
201303,高雄農改場,,3
201302,高雄農改場,,0
201301,高雄農改場,,2
201212,高雄農改場,,25
201211,高雄農改場,,79
201210,高雄農改場,,6
201209,高雄農改場,,167
201208,高雄農改場,,526
201207,高雄農改場,,126
201206,高雄農改場,,1468
201205,高雄農改場,,307
201204,高雄農改場,,96
201203,高雄農改場,,7
201202,高雄農改場,,15
201201,高雄農改場,,1
201112,高雄農改場,,32
201111,高雄農改場,,158
201110,高雄農改場,,92
201109,高雄農改場,,227
201108,高雄農改場,,439
201107,高雄農改場,,454
201106,高雄農改場,,164
201105,高雄農改場,,218
201104,高雄農改場,,56
201103,高雄農改場,,7
201102,高雄農改場,,3
201101,高雄農改場,,14
201012,高雄農改場,,20
201011,高雄農改場,,11
201010,高雄農改場,,156
201009,高雄農改場,,1074
201008,高雄農改場,,343
201007,高雄農改場,,469
201006,高雄農改場,,364
201005,高雄農改場,,244
201004,高雄農改場,,45
201003,高雄農改場,,1
201002,高雄農改場,,12
201001,高雄農改場,,6
202312,高改旗南分場,,13
202311,高改旗南分場,,4
202310,高改旗南分場,,200
202309,高改旗南分場,*,444
202308,高改旗南分場,,529
202307,高改旗南分場,,204
202306,高改旗南分場,*,316
202305,高改旗南分場,*,99
202304,高改旗南分場,*,9
202303,高改旗南分場,,0
202302,高改旗南分場,,0
202301,高改旗南分場,,0
202212,高改旗南分場,*,23
202211,高改旗南分場,,1
202210,高改旗南分場,,100
202209,高改旗南分場,,130
202208,高改旗南分場,,453
202207,高改旗南分場,,123
202206,高改旗南分場,,217
202205,高改旗南分場,,290
202204,高改旗南分場,,4
202203,高改旗南分場,,24
202202,高改旗南分場,,43
202201,高改旗南分場,,34
202112,高改旗南分場,,10
202111,高改旗南分場,,5
202110,高改旗南分場,,70
202109,高改旗南分場,,173
202108,高改旗南分場,,1369
202107,高改旗南分場,,750
202106,高改旗南分場,,1192
202105,高改旗南分場,,20
202104,高改旗南分場,,18
202306,雲林分場,,204
202305,雲林分場,,151
202304,雲林分場,,30
202303,雲林分場,,12
202302,雲林分場,,0
202301,雲林分場,,8
202212,雲林分場,,19
202211,雲林分場,,2
202210,雲林分場,,5
202209,雲林分場,,36
202208,雲林分場,,481
202207,雲林分場,,65
202206,雲林分場,*,187
202205,雲林分場,*,220
202204,雲林分場,,46
202203,雲林分場,,98
202202,雲林分場,,96
202201,雲林分場,,29
202112,雲林分場,,29
202111,雲林分場,,7
202110,雲林分場,,13
202109,雲林分場,,77
202108,雲林分場,,647
202107,雲林分場,,301
202106,雲林分場,,617
202105,雲林分場,,102
202104,雲林分場,,28
202103,雲林分場,,12
202102,雲林分場,,27
202101,雲林分場,,36
202012,雲林分場,,41
202011,雲林分場,,10
202010,雲林分場,,1
202009,雲林分場,,23
202008,雲林分場,,356
202007,雲林分場,,79
202006,雲林分場,,102
201912,雲林分場,*,134
201911,雲林分場,,0
201910,雲林分場,*,2
201909,雲林分場,*,68
201908,雲林分場,*,620
201907,雲林分場,*,233
201906,雲林分場,*,335
201905,雲林分場,,160
201904,雲林分場,*,14
201903,雲林分場,,127
201902,雲林分場,*,6
201901,雲林分場,*,3
201812,雲林分場,*,0
201811,雲林分場,,17
201810,雲林分場,,XXX
201809,雲林分場,*,22
201808,雲林分場,,757
201807,雲林分場,,555
201806,雲林分場,,312
201805,雲林分場,,30
201804,雲林分場,*,24
201803,雲林分場,,XXX
201802,雲林分場,,35
201801,雲林分場,,XXX
201712,雲林分場,,6
201711,雲林分場,*,8
201710,雲林分場,,72
201709,雲林分場,*,5
201708,雲林分場,*,141
201707,雲林分場,,394
201706,雲林分場,*,851
201705,雲林分場,*,27
201704,雲林分場,*,47
201703,雲林分場,*,26
201702,雲林分場,,1
201701,雲林分場,,1
201612,雲林分場,,XXX
201611,雲林分場,,68
201610,雲林分場,*,23
201609,雲林分場,,477
201608,雲林分場,*,121
201607,雲林分場,*,247
201606,雲林分場,,431
201605,雲林分場,,85
201604,雲林分場,,214
201603,雲林分場,,160
201602,雲林分場,,33
201601,雲林分場,,165
201512,雲林分場,,29
201511,雲林分場,,1
201510,雲林分場,,25
201509,雲林分場,*,242
201508,雲林分場,,XXX
201507,雲林分場,,203
201506,雲林分場,,30
201505,雲林分場,,366
201504,雲林分場,*,78
201503,雲林分場,*,8
201502,雲林分場,,15
201501,雲林分場,*,8
201412,雲林分場,*,34
201411,雲林分場,*,3
201410,雲林分場,,0
201409,雲林分場,,121
201408,雲林分場,,279
201407,雲林分場,,209
201406,雲林分場,,239
201405,雲林分場,,395
201404,雲林分場,,27
201403,雲林分場,*,42
201402,雲林分場,,28
201401,雲林分場,*,0
201312,雲林分場,,65
201311,雲林分場,,12
201310,雲林分場,,8
201309,雲林分場,*,237
201308,雲林分場,,1433
201307,雲林分場,,306
201306,雲林分場,,44
201305,雲林分場,,547
201304,雲林分場,,179
201303,雲林分場,,22
201302,雲林分場,,2
201301,雲林分場,,22
201212,雲林分場,,50
201211,雲林分場,,163
201210,雲林分場,,1
201209,雲林分場,,37
201208,雲林分場,,654
201207,雲林分場,,354
201206,雲林分場,,482
201205,雲林分場,,215
201204,雲林分場,,205
201203,雲林分場,,15
201202,雲林分場,,68
201201,雲林分場,,33
201112,雲林分場,,17
201111,雲林分場,,231
201110,雲林分場,,28
201109,雲林分場,,138
201108,雲林分場,,197
201107,雲林分場,,36
201106,雲林分場,,145
201105,雲林分場,,123
201104,雲林分場,,4
201103,雲林分場,,37
201102,雲林分場,,15
201101,雲林分場,,32
201012,雲林分場,,29
201011,雲林分場,,34
201010,雲林分場,,9
201009,雲林分場,,194
201008,雲林分場,,144
201007,雲林分場,,461
201006,雲林分場,,310
201005,雲林分場,,130
201004,雲林分場,,86
201003,雲林分場,,7
201002,雲林分場,,71
201001,雲林分場,,23
202312,農試溪口農場,*,8
202311,農試溪口農場,,0
202310,農試溪口農場,,37
202309,農試溪口農場,,216
202308,農試溪口農場,,191
202307,農試溪口農場,*,102
202306,農試溪口農場,,235
202305,農試溪口農場,,147
202304,農試溪口農場,*,75
202303,農試溪口農場,,5
202302,農試溪口農場,,0
202301,農試溪口農場,,9
202212,農試溪口農場,,26
202211,農試溪口農場,,3
202210,農試溪口農場,,4
202209,農試溪口農場,,37
202208,農試溪口農場,,338
202207,農試溪口農場,,78
202206,農試溪口農場,,280
202205,農試溪口農場,,270
202204,農試溪口農場,,56
202203,農試溪口農場,,96
202202,農試溪口農場,,91
202201,農試溪口農場,,28
202112,農試溪口農場,,25
202111,農試溪口農場,,6
202110,農試溪口農場,,7
202109,農試溪口農場,,23
202312,農試嘉義分所,,16
202311,農試嘉義分所,,0
202310,農試嘉義分所,,44
202309,農試嘉義分所,*,563
202308,農試嘉義分所,,193
202307,農試嘉義分所,,291
202306,農試嘉義分所,,209
202305,農試嘉義分所,,130
202304,農試嘉義分所,,64
202303,農試嘉義分所,,8
202302,農試嘉義分所,,0
202301,農試嘉義分所,,11
202212,農試嘉義分所,,32
202211,農試嘉義分所,,2
202210,農試嘉義分所,,9
202209,農試嘉義分所,,48
202208,農試嘉義分所,,538
202207,農試嘉義分所,,138
202206,農試嘉義分所,,266
202205,農試嘉義分所,,249
202204,農試嘉義分所,,77
202203,農試嘉義分所,,90
202202,農試嘉義分所,,88
202201,農試嘉義分所,,27
202112,農試嘉義分所,,19
202111,農試嘉義分所,,14
202110,農試嘉義分所,,14
202109,農試嘉義分所,,137
202312,農業試驗所,,26
202311,農業試驗所,*,1
202310,農業試驗所,*,37
202309,農業試驗所,*,310
202308,農業試驗所,*,387
202307,農業試驗所,,178
202306,農業試驗所,*,158
202304,農業試驗所,,116
202303,農業試驗所,*,11
202302,農業試驗所,,14
202301,農業試驗所,*,10
202212,農業試驗所,,12
202211,農業試驗所,,13
202210,農業試驗所,,48
202209,農業試驗所,,133
202208,農業試驗所,,256
202207,農業試驗所,,88
202206,農業試驗所,,383
202205,農業試驗所,,338
202204,農業試驗所,,53
202203,農業試驗所,,102
202202,農業試驗所,,111
202201,農業試驗所,,29
202112,農業試驗所,,20
202111,農業試驗所,,11
202110,農業試驗所,,11
202109,農業試驗所,,60
202108,農業試驗所,,469
202107,農業試驗所,,239
202106,農業試驗所,,708
202105,農業試驗所,,181
202104,農業試驗所,,13
202103,農業試驗所,,14
202102,農業試驗所,,25
202101,農業試驗所,,4
202012,農業試驗所,,32
202011,農業試驗所,,4
202010,農業試驗所,,0
202009,農業試驗所,,24
202008,農業試驗所,,197
202007,農業試驗所,,66
202006,農業試驗所,,138
201712,農業試驗所,*,8
201711,農業試驗所,,20
201710,農業試驗所,,66
201709,農業試驗所,,49
201708,農業試驗所,*,78
201707,農業試驗所,*,354
201706,農業試驗所,,776
201705,農業試驗所,,94
201704,農業試驗所,*,75
201703,農業試驗所,*,38
201702,農業試驗所,*,9
201701,農業試驗所,*,5
201612,農業試驗所,,15
201611,農業試驗所,,68
201610,農業試驗所,,25
201609,農業試驗所,,166
201608,農業試驗所,,134
201607,農業試驗所,*,123
201606,農業試驗所,,352
201605,農業試驗所,*,83
201604,農業試驗所,*,136
201603,農業試驗所,,149
201602,農業試驗所,,7
201601,農業試驗所,,155
201512,農業試驗所,,20
201511,農業試驗所,*,0
201510,農業試驗所,,7
201509,農業試驗所,,161
201508,農業試驗所,,267
201507,農業試驗所,,18
201506,農業試驗所,*,164
201505,農業試驗所,,448
201504,農業試驗所,*,6
201503,農業試驗所,*,9
201502,農業試驗所,,11
201501,農業試驗所,*,10
201412,農業試驗所,,16
201411,農業試驗所,,1
201410,農業試驗所,,1
201409,農業試驗所,,3
201408,農業試驗所,*,156
201407,農業試驗所,,138
201406,農業試驗所,,238
201405,農業試驗所,,481
201404,農業試驗所,,13
201403,農業試驗所,,45
201402,農業試驗所,,29
201401,農業試驗所,,3
201312,農業試驗所,,72
201311,農業試驗所,,13
201310,農業試驗所,,0
201309,農業試驗所,,70
201308,農業試驗所,,708
201307,農業試驗所,,660
201306,農業試驗所,,81
201305,農業試驗所,,327
201304,農業試驗所,,273
201303,農業試驗所,,37
201302,農業試驗所,,1
201301,農業試驗所,*,16
201212,農業試驗所,,65
201211,農業試驗所,,107
201210,農業試驗所,,3
201209,農業試驗所,,114
201208,農業試驗所,,591
201207,農業試驗所,,256
201206,農業試驗所,,290
201205,農業試驗所,,242
201204,農業試驗所,,142
201203,農業試驗所,,25
201202,農業試驗所,,無資料
201201,農業試驗所,,無資料
201112,農業試驗所,,無資料
201111,農業試驗所,*,156
201110,農業試驗所,,20
201109,農業試驗所,,50
201108,農業試驗所,,237
201107,農業試驗所,,158
201106,農業試驗所,,242
201105,農業試驗所,,126
201104,農業試驗所,,4
201103,農業試驗所,,28
201102,農業試驗所,,18
201101,農業試驗所,,29
201012,農業試驗所,,23
201011,農業試驗所,,26
201010,農業試驗所,,3
201009,農業試驗所,,204
201008,農業試驗所,,246
201007,農業試驗所,,454
201006,農業試驗所,,466
201005,農業試驗所,,148
201004,農業試驗所,,128
201003,農業試驗所,,30
201002,農業試驗所,,108
201001,農業試驗所,,35
202312,農工中心,,82
202311,農工中心,*,19
202310,農工中心,,91
202309,農工中心,,46
202308,農工中心,,229
202307,農工中心,,63
202306,農工中心,,107
202305,農工中心,,315
202304,農工中心,*,43
202303,農工中心,,34
202302,農工中心,,46
202301,農工中心,,19
202212,農工中心,,109
202211,農工中心,,111
202210,農工中心,,208
202209,農工中心,,313
202208,農工中心,,122
202207,農工中心,,69
202206,農工中心,,205
202205,農工中心,,573
202204,農工中心,,84
202203,農工中心,,220
202202,農工中心,,233
202201,農工中心,,87
202112,農工中心,,50
202111,農工中心,,48
202110,農工中心,,130
202109,農工中心,,70
202108,農工中心,,295
202107,農工中心,,276
202106,農工中心,,136
202105,農工中心,,79
202104,農工中心,,57
202103,農工中心,,106
202102,農工中心,,38
202101,農工中心,,35
202012,農工中心,,93
202011,農工中心,,14
202312,蓮華池,,43
202311,蓮華池,,4
202310,蓮華池,,634
202309,蓮華池,,289
202308,蓮華池,,634
202307,蓮華池,,195
202306,蓮華池,,407
202305,蓮華池,,219
202304,蓮華池,,117
202303,蓮華池,,32
202302,蓮華池,,16
202301,蓮華池,,12
202212,蓮華池,,17
202211,蓮華池,,16
202210,蓮華池,,41
202209,蓮華池,,169
202208,蓮華池,,130
202207,蓮華池,,189
202206,蓮華池,,391
202205,蓮華池,,497
202204,蓮華池,,107
202203,蓮華池,,119
202202,蓮華池,,134
202201,蓮華池,,52
202112,蓮華池,,22
202111,蓮華池,,35
202110,蓮華池,,34
202109,蓮華池,*,155
202108,蓮華池,,883
202107,蓮華池,,312
202106,蓮華池,,580
202105,蓮華池,,356
202104,蓮華池,,31
202103,蓮華池,,15
202102,蓮華池,,23
202101,蓮華池,,12
202012,蓮華池,,無資料
202011,蓮華池,,無資料
202312,萬大發電廠,*,110
202311,萬大發電廠,,6
202310,萬大發電廠,,102
202309,萬大發電廠,,299
202308,萬大發電廠,,675
202307,萬大發電廠,,191
202306,萬大發電廠,,188
202305,萬大發電廠,,539
202304,萬大發電廠,*,223
202303,萬大發電廠,,85
202302,萬大發電廠,,42
202301,萬大發電廠,,29
202212,萬大發電廠,,38
202211,萬大發電廠,,129
202210,萬大發電廠,,48
202209,萬大發電廠,,124
202208,萬大發電廠,,53
202207,萬大發電廠,,110
202206,萬大發電廠,,318
202205,萬大發電廠,,636
202204,萬大發電廠,,137
202203,萬大發電廠,,171
202202,萬大發電廠,,167
202201,萬大發電廠,,99
202112,萬大發電廠,,34
202111,萬大發電廠,,51
202110,萬大發電廠,,136
202109,萬大發電廠,,111
202108,萬大發電廠,,508
202107,萬大發電廠,,174
202106,萬大發電廠,,408
202105,萬大發電廠,,410
202104,萬大發電廠,,47
202103,萬大發電廠,,56
202102,萬大發電廠,,21
202101,萬大發電廠,,16
202012,萬大發電廠,,無資料
202011,萬大發電廠,,無資料
201912,茶業改良場,＊,203
201911,茶業改良場,,27
201910,茶業改良場,＊,17
201909,茶業改良場,＊,217
201908,茶業改良場,＊,388
201907,茶業改良場,,160
201906,茶業改良場,,462
201905,茶業改良場,,488
201904,茶業改良場,,177
201903,茶業改良場,,292
201902,茶業改良場,＊,75
201901,茶業改良場,,58
201812,茶業改良場,＊,62
201811,茶業改良場,,61
201810,茶業改良場,,XXX
201809,茶業改良場,,XXX
201808,茶業改良場,,XXX
201807,茶業改良場,,XXX
201806,茶業改良場,,127
201805,茶業改良場,,36
201804,茶業改良場,,XXX
201803,茶業改良場,,60
201802,茶業改良場,＊,33
201801,茶業改良場,,319
201712,茶業改良場,*,64
201711,茶業改良場,,69
201710,茶業改良場,,178
201709,茶業改良場,,54
201708,茶業改良場,*,8
201707,茶業改良場,,237
201706,茶業改良場,,562
201705,茶業改良場,,108
201704,茶業改良場,,128
201703,茶業改良場,*,204
201702,茶業改良場,,111
201701,茶業改良場,*,34
201612,茶業改良場,*,11
201611,茶業改良場,,148
201610,茶業改良場,,68
201609,茶業改良場,*,320
201608,茶業改良場,*,66
201607,茶業改良場,*,23
201606,茶業改良場,,282
201605,茶業改良場,,215
201604,茶業改良場,,221
201603,茶業改良場,,292
201602,茶業改良場,,XXX
201601,茶業改良場,,353
201512,茶業改良場,,93
201511,茶業改良場,*,28
201510,茶業改良場,*,106
201509,茶業改良場,,301
201508,茶業改良場,,271
201507,茶業改良場,,71
201506,茶業改良場,*,76
201505,茶業改良場,,295
201504,茶業改良場,,95
201503,茶業改良場,,201
201502,茶業改良場,,69
201501,茶業改良場,,29
201412,茶業改良場,,91
201411,茶業改良場,,71
201410,茶業改良場,,146
201409,茶業改良場,,100
201408,茶業改良場,,62
201407,茶業改良場,,160
201406,茶業改良場,,165
201405,茶業改良場,,xxx
201404,茶業改良場,,91
201403,茶業改良場,,174
201402,茶業改良場,,221
201401,茶業改良場,,22
201312,茶業改良場,*,266
201311,茶業改良場,*,60
201310,茶業改良場,*,116
201309,茶業改良場,*,74
201308,茶業改良場,*,582
201307,茶業改良場,*,94
201306,茶業改良場,,91
201305,茶業改良場,,380
201304,茶業改良場,*,196
201303,茶業改良場,,38
201302,茶業改良場,,19
201301,茶業改良場,*,60
201212,茶業改良場,*,226
201211,茶業改良場,,375
201210,茶業改良場,,49
201209,茶業改良場,,157
201208,茶業改良場,,612
201207,茶業改良場,,104
201206,茶業改良場,,552
201205,茶業改良場,,242
201204,茶業改良場,,237
201203,茶業改良場,,118
201202,茶業改良場,,302
201201,茶業改良場,,194
201112,茶業改良場,,136
201111,茶業改良場,,267
201110,茶業改良場,,111
201109,茶業改良場,,12
201108,茶業改良場,,137
201107,茶業改良場,,103
201106,茶業改良場,,374
201105,茶業改良場,*,203
201104,茶業改良場,,43
201103,茶業改良場,,130
201102,茶業改良場,,83
201101,茶業改良場,,115
201012,茶業改良場,,87
201011,茶業改良場,,75
201010,茶業改良場,,190
201009,茶業改良場,,182
201008,茶業改良場,,165
201007,茶業改良場,,137
201006,茶業改良場,,368
201005,茶業改良場,,259
201004,茶業改良場,,159
201003,茶業改良場,,105
201002,茶業改良場,,255
201001,茶業改良場,,134
202312,茶改東部分場,,26
202311,茶改東部分場,,2
202310,茶改東部分場,,314
202309,茶改東部分場,*,242
202308,茶改東部分場,,340
202307,茶改東部分場,*,266
202306,茶改東部分場,,142
202305,茶改東部分場,,101
202304,茶改東部分場,,31
202303,茶改東部分場,,9
202302,茶改東部分場,,14
202301,茶改東部分場,,37
202212,茶改東部分場,,15
202211,茶改東部分場,,54
202210,茶改東部分場,,432
202209,茶改東部分場,*,113
202208,茶改東部分場,,195
202207,茶改東部分場,,65
202206,茶改東部分場,,182
202205,茶改東部分場,,200
202204,茶改東部分場,,217
202203,茶改東部分場,,43
202202,茶改東部分場,,66
202201,茶改東部分場,,136
202112,茶改東部分場,,27
202111,茶改東部分場,*,8
202110,茶改東部分場,,810
202109,茶改東部分場,,120
202312,茶改南部分場,,36
202311,茶改南部分場,,0
202310,茶改南部分場,,86
202309,茶改南部分場,,555
202308,茶改南部分場,,559
202307,茶改南部分場,,574
202306,茶改南部分場,,566
202305,茶改南部分場,,168
202304,茶改南部分場,,106
202303,茶改南部分場,,33
202302,茶改南部分場,,5
202301,茶改南部分場,,14
202212,茶改南部分場,,20
202211,茶改南部分場,,6
202210,茶改南部分場,,28
202209,茶改南部分場,,243
202208,茶改南部分場,,347
202207,茶改南部分場,,221
202206,茶改南部分場,,437
202205,茶改南部分場,,450
202204,茶改南部分場,,141
202203,茶改南部分場,,114
202202,茶改南部分場,,132
202201,茶改南部分場,,42
202112,茶改南部分場,,19
202111,茶改南部分場,,13
202312,茶改北部分場,*,202
202311,茶改北部分場,,100
202310,茶改北部分場,,378
202309,茶改北部分場,,173
202308,茶改北部分場,,351
202307,茶改北部分場,,234
202306,茶改北部分場,,437
202305,茶改北部分場,,281
202304,茶改北部分場,,156
202303,茶改北部分場,,55
202302,茶改北部分場,,99
202301,茶改北部分場,,110
202212,茶改北部分場,,343
202211,茶改北部分場,,216
202210,茶改北部分場,,717
202209,茶改北部分場,,909
202208,茶改北部分場,,53
202207,茶改北部分場,*,132
202206,茶改北部分場,*,254
202205,茶改北部分場,,621
202204,茶改北部分場,,136
202203,茶改北部分場,,224
202202,茶改北部分場,,366
202201,茶改北部分場,,167
202112,茶改北部分場,,119
202111,茶改北部分場,,167
202110,茶改北部分場,,541
202109,茶改北部分場,,264
202312,茶改中部分場,,61
202311,茶改中部分場,,2
202310,茶改中部分場,,51
202309,茶改中部分場,,361
202308,茶改中部分場,,545
202307,茶改中部分場,,428
202306,茶改中部分場,,407
202305,茶改中部分場,,274
202304,茶改中部分場,,124
202303,茶改中部分場,,26
202302,茶改中部分場,,11
202301,茶改中部分場,,16
202212,茶改中部分場,,16
202211,茶改中部分場,,13
202210,茶改中部分場,,29
202209,茶改中部分場,,158
202208,茶改中部分場,,223
202207,茶改中部分場,,144
202206,茶改中部分場,,482
202205,茶改中部分場,,510
202204,茶改中部分場,,104
202203,茶改中部分場,,126
202202,茶改中部分場,,134
202201,茶改中部分場,,49
202112,茶改中部分場,,26
202111,茶改中部分場,,38
202110,茶改中部分場,,41
202109,茶改中部分場,,237
202312,苗栗農改場,*,54
202311,苗栗農改場,*,0
202310,苗栗農改場,,61
202309,苗栗農改場,,169
202308,苗栗農改場,,314
202307,苗栗農改場,,89
202306,苗栗農改場,,209
202305,苗栗農改場,,315
202304,苗栗農改場,,343
202303,苗栗農改場,,39
202302,苗栗農改場,,19
202301,苗栗農改場,,10
202212,苗栗農改場,,22
202211,苗栗農改場,,27
202210,苗栗農改場,,20
202209,苗栗農改場,,193
202208,苗栗農改場,,156
202207,苗栗農改場,,207
202206,苗栗農改場,,497
202205,苗栗農改場,,559
202204,苗栗農改場,,83
202203,苗栗農改場,,299
202202,苗栗農改場,,216
202201,苗栗農改場,,66
202112,苗栗農改場,,65
202111,苗栗農改場,,9
202110,苗栗農改場,,13
202109,苗栗農改場,,94
202108,苗栗農改場,,484
202107,苗栗農改場,,333
202106,苗栗農改場,,414
202105,苗栗農改場,,274
202104,苗栗農改場,,39
202103,苗栗農改場,,52
202102,苗栗農改場,,43
202101,苗栗農改場,,14
202012,苗栗農改場,,52
202011,苗栗農改場,,7
201912,苗栗農改場,*,87
201911,苗栗農改場,,1
201910,苗栗農改場,*,14
201909,苗栗農改場,*,56
201908,苗栗農改場,*,514
201907,苗栗農改場,,128
201906,苗栗農改場,,444
201905,苗栗農改場,,357
201904,苗栗農改場,*,127
201903,苗栗農改場,,315
201902,苗栗農改場,*,30
201901,苗栗農改場,*,32
201812,苗栗農改場,*,2
201811,苗栗農改場,,22
201810,苗栗農改場,,14
201809,苗栗農改場,,59
201808,苗栗農改場,,XXX
201807,苗栗農改場,,105
201806,苗栗農改場,,173
201805,苗栗農改場,,64
201804,苗栗農改場,,69
201803,苗栗農改場,*,66
201802,苗栗農改場,,XXX
201801,苗栗農改場,,172
201712,苗栗農改場,*,14
201711,苗栗農改場,,11
201710,苗栗農改場,,36
201709,苗栗農改場,,52
201708,苗栗農改場,*,32
201707,苗栗農改場,,323
201706,苗栗農改場,,708
201705,苗栗農改場,*,81
201704,苗栗農改場,*,121
201703,苗栗農改場,*,105
201702,苗栗農改場,*,64
201701,苗栗農改場,*,15
201612,苗栗農改場,*,6
201611,苗栗農改場,,無資料
201610,苗栗農改場,,9
201609,苗栗農改場,,193
201608,苗栗農改場,*,182
201607,苗栗農改場,*,29
201606,苗栗農改場,,176
201605,苗栗農改場,*,188
201604,苗栗農改場,,194
201603,苗栗農改場,,318
201602,苗栗農改場,,41
201601,苗栗農改場,,253
201512,苗栗農改場,*,69
201511,苗栗農改場,,2
201510,苗栗農改場,*,41
201509,苗栗農改場,,218
201508,苗栗農改場,,257
201507,苗栗農改場,,178
201506,苗栗農改場,,65
201505,苗栗農改場,,356
201504,苗栗農改場,,50
201503,苗栗農改場,*,62
201502,苗栗農改場,*,60
201501,苗栗農改場,*,21
201412,苗栗農改場,*,48
201411,苗栗農改場,*,1
201410,苗栗農改場,*,7
201409,苗栗農改場,,44
201408,苗栗農改場,,153
201407,苗栗農改場,,44
201406,苗栗農改場,,223
201405,苗栗農改場,,479
201404,苗栗農改場,,40
201403,苗栗農改場,,92
201402,苗栗農改場,,91
201401,苗栗農改場,,1
201312,苗栗農改場,,118
201311,苗栗農改場,*,25
201310,苗栗農改場,,42
201309,苗栗農改場,,94
201308,苗栗農改場,,610
201307,苗栗農改場,,532
201306,苗栗農改場,,106
201305,苗栗農改場,,330
201304,苗栗農改場,,233
201303,苗栗農改場,,68
201302,苗栗農改場,,7
201301,苗栗農改場,,35
201212,苗栗農改場,,84
201211,苗栗農改場,,205
201210,苗栗農改場,,10
201209,苗栗農改場,,95
201208,苗栗農改場,,797
201207,苗栗農改場,,135
201206,苗栗農改場,,280
201205,苗栗農改場,,195
201204,苗栗農改場,,248
201203,苗栗農改場,,54
201202,苗栗農改場,,168
201201,苗栗農改場,,144
201112,苗栗農改場,,51
201111,苗栗農改場,,179
201110,苗栗農改場,,11
201109,苗栗農改場,,30
201108,苗栗農改場,,67
201107,苗栗農改場,,359
201106,苗栗農改場,,183
201105,苗栗農改場,,176
201104,苗栗農改場,,3
201103,苗栗農改場,,64
201102,苗栗農改場,,39
201101,苗栗農改場,,48
201012,苗栗農改場,,47
201011,苗栗農改場,,10
201010,苗栗農改場,,10
201009,苗栗農改場,,241
201008,苗栗農改場,,99
201007,苗栗農改場,,138
201006,苗栗農改場,,471
201005,苗栗農改場,,226
201004,苗栗農改場,,129
201003,苗栗農改場,,53
201002,苗栗農改場,,210
201001,苗栗農改場,,49
202312,苗改生物防治研究中心,,26
202311,苗改生物防治研究中心,,0
202310,苗改生物防治研究中心,,55
202309,苗改生物防治研究中心,,129
202308,苗改生物防治研究中心,,367
202307,苗改生物防治研究中心,,133
202306,苗改生物防治研究中心,,203
202305,苗改生物防治研究中心,,339
202304,苗改生物防治研究中心,,353
202303,苗改生物防治研究中心,,27
202302,苗改生物防治研究中心,,16
202301,苗改生物防治研究中心,,5
202212,苗改生物防治研究中心,,24
202211,苗改生物防治研究中心,,27
202210,苗改生物防治研究中心,*,18
202209,苗改生物防治研究中心,*,271
202208,苗改生物防治研究中心,,97
202207,苗改生物防治研究中心,,112
202206,苗改生物防治研究中心,,631
202205,苗改生物防治研究中心,,718
202204,苗改生物防治研究中心,,82
202203,苗改生物防治研究中心,,316
202202,苗改生物防治研究中心,,206
202201,苗改生物防治研究中心,,57
202112,苗改生物防治研究中心,,71
202111,苗改生物防治研究中心,,12
202110,苗改生物防治研究中心,,10
202109,苗改生物防治研究中心,,149
202312,花蓮農改場,,53
202311,花蓮農改場,,11
202310,花蓮農改場,,272
202309,花蓮農改場,,462
202308,花蓮農改場,,162
202307,花蓮農改場,,594
202306,花蓮農改場,,491
202305,花蓮農改場,,133
202304,花蓮農改場,,70
202303,花蓮農改場,,44
202302,花蓮農改場,,32
202301,花蓮農改場,,167
202212,花蓮農改場,,33
202211,花蓮農改場,,125
202210,花蓮農改場,,859
202209,花蓮農改場,,165
202208,花蓮農改場,,63
202207,花蓮農改場,,104
202206,花蓮農改場,,107
202205,花蓮農改場,,319
202204,花蓮農改場,,86
202203,花蓮農改場,,45
202202,花蓮農改場,,83
202201,花蓮農改場,,163
202112,花蓮農改場,,36
202111,花蓮農改場,,89
202110,花蓮農改場,,708
202109,花蓮農改場,,227
202108,花蓮農改場,,114
202107,花蓮農改場,,42
202106,花蓮農改場,,117
202105,花蓮農改場,,139
202104,花蓮農改場,,104
201912,花蓮農改場,*,73
201911,花蓮農改場,*,103
201910,花蓮農改場,*,127
201909,花蓮農改場,*,249
201908,花蓮農改場,*,234
201907,花蓮農改場,,76
201906,花蓮農改場,,268
201905,花蓮農改場,,215
201904,花蓮農改場,*,71
201903,花蓮農改場,,123
201902,花蓮農改場,,XXX
201901,花蓮農改場,,74
201812,花蓮農改場,*,64
201811,花蓮農改場,*,127
201810,花蓮農改場,,119
201809,花蓮農改場,,265
201808,花蓮農改場,,438
201807,花蓮農改場,,46
201806,花蓮農改場,,107
201805,花蓮農改場,,29
201804,花蓮農改場,,31
201803,花蓮農改場,,59
201802,花蓮農改場,,43
201801,花蓮農改場,,98
201712,花蓮農改場,,67
201711,花蓮農改場,,99
201710,花蓮農改場,,982
201709,花蓮農改場,,59
201708,花蓮農改場,*,149
201707,花蓮農改場,,155
201706,花蓮農改場,,205
201705,花蓮農改場,,173
201704,花蓮農改場,*,124
201703,花蓮農改場,,109
201702,花蓮農改場,,38
201701,花蓮農改場,*,33
201612,花蓮農改場,*,27
201611,花蓮農改場,,174
201610,花蓮農改場,,752
201609,花蓮農改場,,947
201608,花蓮農改場,*,215
201607,花蓮農改場,,368
201606,花蓮農改場,*,161
201605,花蓮農改場,,112
201604,花蓮農改場,*,66
201603,花蓮農改場,,XXX
201602,花蓮農改場,,XXX
201601,花蓮農改場,,XXX
201512,花蓮農改場,,XXX
201511,花蓮農改場,,XXX
201510,花蓮農改場,,62
201509,花蓮農改場,*,78
201508,花蓮農改場,*,494
201507,花蓮農改場,,59
201506,花蓮農改場,,75
201505,花蓮農改場,,147
201504,花蓮農改場,*,51
201503,花蓮農改場,,98
201502,花蓮農改場,,29
201501,花蓮農改場,,24
201412,花蓮農改場,*,37
201411,花蓮農改場,,69
201410,花蓮農改場,,24
201409,花蓮農改場,,187
201408,花蓮農改場,*,113
201407,花蓮農改場,,380
201406,花蓮農改場,,87
201405,花蓮農改場,,223
201404,花蓮農改場,,73
201403,花蓮農改場,*,11
201402,花蓮農改場,,XXX
201401,花蓮農改場,,0
201312,花蓮農改場,,3
201311,花蓮農改場,,129
201310,花蓮農改場,,216
201309,花蓮農改場,,544
201308,花蓮農改場,,77
201307,花蓮農改場,,40
201306,花蓮農改場,,86
201305,花蓮農改場,,355
201304,花蓮農改場,,139
201303,花蓮農改場,,27
201302,花蓮農改場,,60
201301,花蓮農改場,,59
201212,花蓮農改場,,131
201211,花蓮農改場,*,87
201210,花蓮農改場,,78
201209,花蓮農改場,,31
201208,花蓮農改場,,588
201207,花蓮農改場,,309
201206,花蓮農改場,,282
201205,花蓮農改場,,199
201204,花蓮農改場,,72
201203,花蓮農改場,,82
201202,花蓮農改場,,78
201201,花蓮農改場,*,53
201112,花蓮農改場,,84
201111,花蓮農改場,,469
201110,花蓮農改場,,488
201109,花蓮農改場,,148
201108,花蓮農改場,,447
201107,花蓮農改場,,98
201106,花蓮農改場,,81
201105,花蓮農改場,,198
201104,花蓮農改場,,53
201103,花蓮農改場,,64
201102,花蓮農改場,,43
201101,花蓮農改場,,25
201012,花蓮農改場,,33
201011,花蓮農改場,,82
201010,花蓮農改場,,561
201009,花蓮農改場,,272
201008,花蓮農改場,,87
201007,花蓮農改場,,87
201006,花蓮農改場,,106
201005,花蓮農改場,,108
201004,花蓮農改場,,68
201003,花蓮農改場,,18
201002,花蓮農改場,,91
201001,花蓮農改場,,81
202312,花改蘭陽分場,,165
202311,花改蘭陽分場,,182
202310,花改蘭陽分場,,406
202309,花改蘭陽分場,,402
202308,花改蘭陽分場,,165
202307,花改蘭陽分場,,150
202306,花改蘭陽分場,,187
202305,花改蘭陽分場,,114
202304,花改蘭陽分場,,61
202303,花改蘭陽分場,,61
202302,花改蘭陽分場,,127
202301,花改蘭陽分場,,184
202212,花改蘭陽分場,,321
202211,花改蘭陽分場,,567
202210,花改蘭陽分場,,1412
202209,花改蘭陽分場,*,342
202208,花改蘭陽分場,,17
202207,花改蘭陽分場,,19
202206,花改蘭陽分場,,167
202205,花改蘭陽分場,,315
202204,花改蘭陽分場,,60
202203,花改蘭陽分場,,126
202202,花改蘭陽分場,,358
202201,花改蘭陽分場,,369
202112,花改蘭陽分場,,136
202111,花改蘭陽分場,,183
202110,花改蘭陽分場,,553
202109,花改蘭陽分場,,120
202108,花改蘭陽分場,,198
202107,花改蘭陽分場,*,106
202106,花改蘭陽分場,,206
202105,花改蘭陽分場,,107
202104,花改蘭陽分場,,77
201712,花改蘭陽分場,*,556
201711,花改蘭陽分場,,468
201710,花改蘭陽分場,,636
201709,花改蘭陽分場,,448
201708,花改蘭陽分場,,63
201707,花改蘭陽分場,,155
201706,花改蘭陽分場,,277
201705,花改蘭陽分場,,209
201704,花改蘭陽分場,*,147
201703,花改蘭陽分場,*,85
201702,花改蘭陽分場,,66
201701,花改蘭陽分場,,103
201612,花改蘭陽分場,,XXX
201611,花改蘭陽分場,,XXX
201610,花改蘭陽分場,*,483
201609,花改蘭陽分場,*,741
201608,花改蘭陽分場,,148
201607,花改蘭陽分場,*,244
201606,花改蘭陽分場,,214
201605,花改蘭陽分場,*,290
201604,花改蘭陽分場,*,78
201603,花改蘭陽分場,,172
201602,花改蘭陽分場,,84
201601,花改蘭陽分場,,131
201512,花改蘭陽分場,*,116
201511,花改蘭陽分場,,387
201510,花改蘭陽分場,,421
201509,花改蘭陽分場,,381
201508,花改蘭陽分場,,705
201507,花改蘭陽分場,,81
201506,花改蘭陽分場,,97
201505,花改蘭陽分場,,209
201504,花改蘭陽分場,,108
201503,花改蘭陽分場,,274
201502,花改蘭陽分場,,74
201501,花改蘭陽分場,*,38
201412,花改蘭陽分場,,157
201411,花改蘭陽分場,,225
201410,花改蘭陽分場,,61
201409,花改蘭陽分場,,389
201408,花改蘭陽分場,,97
201407,花改蘭陽分場,,248
201406,花改蘭陽分場,,240
201405,花改蘭陽分場,,248
201404,花改蘭陽分場,,71
201403,花改蘭陽分場,,98
201402,花改蘭陽分場,,181
201401,花改蘭陽分場,,55
201312,花改蘭陽分場,,375
201311,花改蘭陽分場,,361
201310,花改蘭陽分場,,157
201309,花改蘭陽分場,,391
201308,花改蘭陽分場,,334
201307,花改蘭陽分場,,121
201306,花改蘭陽分場,,73
201305,花改蘭陽分場,,152
201304,花改蘭陽分場,,151
201303,花改蘭陽分場,,47
201302,花改蘭陽分場,,100
201301,花改蘭陽分場,,147
201212,花改蘭陽分場,,320
201211,花改蘭陽分場,,無資料
201210,花改蘭陽分場,,187
201209,花改蘭陽分場,,115
201208,花改蘭陽分場,,597
201207,花改蘭陽分場,,157
201206,花改蘭陽分場,,290
201205,花改蘭陽分場,,397
201204,花改蘭陽分場,,79
201203,花改蘭陽分場,,97
201202,花改蘭陽分場,,172
201201,花改蘭陽分場,,153
201112,花改蘭陽分場,,340
201111,花改蘭陽分場,,644
201110,花改蘭陽分場,,729
201109,花改蘭陽分場,,144
201108,花改蘭陽分場,,160
201107,花改蘭陽分場,,252
201106,花改蘭陽分場,,124
201105,花改蘭陽分場,,326
201104,花改蘭陽分場,,6
201103,花改蘭陽分場,,129
201102,花改蘭陽分場,,40
201101,花改蘭陽分場,,93
201012,花改蘭陽分場,,103
201011,花改蘭陽分場,,328
201010,花改蘭陽分場,,1098
201009,花改蘭陽分場,,269
201008,花改蘭陽分場,,103
201007,花改蘭陽分場,,39
201006,花改蘭陽分場,,190
201005,花改蘭陽分場,,76
201004,花改蘭陽分場,,77
201003,花改蘭陽分場,,21
201002,花改蘭陽分場,,153
201001,花改蘭陽分場,,157
202306,臺西水試所,,35
202305,臺西水試所,,152
202304,臺西水試所,,80
202303,臺西水試所,,8
202302,臺西水試所,,8
202301,臺西水試所,,4
202212,臺西水試所,,11
202211,臺西水試所,,0
202210,臺西水試所,,0
202209,臺西水試所,,14
202208,臺西水試所,,146
202207,臺西水試所,,93
202206,臺西水試所,,177
202205,臺西水試所,,291
202204,臺西水試所,,18
202203,臺西水試所,,93
202202,臺西水試所,,77
202201,臺西水試所,,25
202112,臺西水試所,,16
202111,臺西水試所,,4
202110,臺西水試所,,18
202109,臺西水試所,,25
202108,臺西水試所,,596
202107,臺西水試所,,58
202106,臺西水試所,,418
202105,臺西水試所,,84
202104,臺西水試所,,39
202103,臺西水試所,,6
202102,臺西水試所,,13
202101,臺西水試所,,1
202012,臺西水試所,,無資料
202011,臺西水試所,,無資料
202306,臺東茶改場,,142
202305,臺東茶改場,,101
202304,臺東茶改場,,31
202303,臺東茶改場,,9
202302,臺東茶改場,,14
202301,臺東茶改場,,37
202212,臺東茶改場,,15
202211,臺東茶改場,,54
202210,臺東茶改場,,432
202209,臺東茶改場,*,113
202208,臺東茶改場,,195
202207,臺東茶改場,,65
202206,臺東茶改場,,182
202205,臺東茶改場,,200
202204,臺東茶改場,,217
202203,臺東茶改場,,43
202202,臺東茶改場,,66
202201,臺東茶改場,,136
202112,臺東茶改場,,27
202111,臺東茶改場,*,8
202110,臺東茶改場,,810
202109,臺東茶改場,,120
202108,臺東茶改場,,278
202107,臺東茶改場,,127
202106,臺東茶改場,,151
202105,臺東茶改場,,74
202104,臺東茶改場,,43
202312,臺大雲林校區,,9
202311,臺大雲林校區,,0
202310,臺大雲林校區,,25
202309,臺大雲林校區,,78
202308,臺大雲林校區,,107
202307,臺大雲林校區,,147
202306,臺大雲林校區,,171
202305,臺大雲林校區,,171
202304,臺大雲林校區,,106
202303,臺大雲林校區,,15
202302,臺大雲林校區,,6
202301,臺大雲林校區,,3
202212,臺大雲林校區,,16
202211,臺大雲林校區,,2
202210,臺大雲林校區,,5
202209,臺大雲林校區,,32
202208,臺大雲林校區,,370
202207,臺大雲林校區,,37
202206,臺大雲林校區,,198
202205,臺大雲林校區,,289
202204,臺大雲林校區,,36
202203,臺大雲林校區,,93
202202,臺大雲林校區,,82
202201,臺大雲林校區,,23
202112,臺大雲林校區,,21
202111,臺大雲林校區,,5
202110,臺大雲林校區,,9
202109,臺大雲林校區,,38
202108,臺大雲林校區,,443
202107,臺大雲林校區,,122
202106,臺大雲林校區,,632
202105,臺大雲林校區,,96
202104,臺大雲林校區,,30
202103,臺大雲林校區,,8
202102,臺大雲林校區,,28
202101,臺大雲林校區,,2
202012,臺大雲林校區,,無資料
202011,臺大雲林校區,,無資料
202312,臺大竹山,*,28
202311,臺大竹山,*,0
202310,臺大竹山,*,54
202309,臺大竹山,*,364
202308,臺大竹山,,351
202307,臺大竹山,,478
202306,臺大竹山,,492
202305,臺大竹山,,166
202304,臺大竹山,,89
202303,臺大竹山,,24
202302,臺大竹山,,4
202301,臺大竹山,,18
202212,臺大竹山,,16
202211,臺大竹山,,1
202210,臺大竹山,,22
202209,臺大竹山,,183
202208,臺大竹山,,404
202207,臺大竹山,,217
202206,臺大竹山,,466
202205,臺大竹山,,362
202204,臺大竹山,,176
202203,臺大竹山,,119
202202,臺大竹山,,109
202201,臺大竹山,,33
202112,臺大竹山,,23
202111,臺大竹山,,10
202110,臺大竹山,,17
202109,臺大竹山,,157
202108,臺大竹山,,653
202107,臺大竹山,,433
202106,臺大竹山,,966
202105,臺大竹山,,139
202104,臺大竹山,,35
202103,臺大竹山,,12
202102,臺大竹山,,27
202101,臺大竹山,,9
202012,臺大竹山,,38
202011,臺大竹山,,17
202205,臺大溪頭,,424
202204,臺大溪頭,,88
202203,臺大溪頭,,132
202202,臺大溪頭,,159
202201,臺大溪頭,,77
202112,臺大溪頭,,30
202111,臺大溪頭,,30
202110,臺大溪頭,,57
202109,臺大溪頭,,174
202108,臺大溪頭,,722
202107,臺大溪頭,,354
202106,臺大溪頭,,652
202105,臺大溪頭,,125
202104,臺大溪頭,,20
202103,臺大溪頭,,27
202102,臺大溪頭,,27
202101,臺大溪頭,,66
202312,臺大和社,*,64
202311,臺大和社,,3
202310,臺大和社,,60
202309,臺大和社,*,26
202308,臺大和社,,338
202307,臺大和社,,294
202306,臺大和社,,163
202305,臺大和社,,194
202304,臺大和社,,31
202303,臺大和社,,81
202302,臺大和社,,1
202301,臺大和社,,29
202212,臺大和社,,32
202211,臺大和社,,39
202210,臺大和社,,38
202209,臺大和社,,223
202208,臺大和社,,127
202207,臺大和社,,145
202206,臺大和社,,139
202205,臺大和社,,323
202204,臺大和社,,47
202203,臺大和社,,76
202202,臺大和社,,137
202201,臺大和社,,61
202112,臺大和社,,23
202111,臺大和社,,30
202110,臺大和社,,53
202109,臺大和社,,87
202108,臺大和社,,622
202107,臺大和社,,217
202106,臺大和社,,334
202105,臺大和社,,72
202104,臺大和社,,21
202103,臺大和社,,18
202102,臺大和社,,25
202101,臺大和社,,10
202012,臺大和社,,無資料
202011,臺大和社,,無資料
202312,臺大內茅埔,*,49
202311,臺大內茅埔,,1
202310,臺大內茅埔,,34
202309,臺大內茅埔,,219
202308,臺大內茅埔,,363
202307,臺大內茅埔,,303
202306,臺大內茅埔,,305
202305,臺大內茅埔,,305
202304,臺大內茅埔,,75
202303,臺大內茅埔,,32
202302,臺大內茅埔,,1
202301,臺大內茅埔,,18
202212,臺大內茅埔,,35
202211,臺大內茅埔,,10
202210,臺大內茅埔,,36
202209,臺大內茅埔,,217
202208,臺大內茅埔,,136
202207,臺大內茅埔,,94
202206,臺大內茅埔,,131
202205,臺大內茅埔,,314
202204,臺大內茅埔,,49
202203,臺大內茅埔,,100
202202,臺大內茅埔,,121
202201,臺大內茅埔,,55
202112,臺大內茅埔,,16
202111,臺大內茅埔,,21
202110,臺大內茅埔,,41
202109,臺大內茅埔,,116
202108,臺大內茅埔,,517
202107,臺大內茅埔,,332
202106,臺大內茅埔,,418
202105,臺大內茅埔,,85
202104,臺大內茅埔,,50
202103,臺大內茅埔,,16
202102,臺大內茅埔,,23
202101,臺大內茅埔,,8
202012,臺大內茅埔,,無資料
202011,臺大內茅埔,,無資料
202312,臺南農改場,,27
202311,臺南農改場,,0
202310,臺南農改場,,18
202309,臺南農改場,,311
202308,臺南農改場,,430
202307,臺南農改場,*,349
202306,臺南農改場,,77
202305,臺南農改場,,75
202304,臺南農改場,,13
202303,臺南農改場,,1
202302,臺南農改場,,1
202301,臺南農改場,,1
202212,臺南農改場,,11
202211,臺南農改場,,2
202210,臺南農改場,,27
202209,臺南農改場,,48
202208,臺南農改場,,511
202207,臺南農改場,,166
202206,臺南農改場,,198
202205,臺南農改場,,240
202204,臺南農改場,,0
202203,臺南農改場,,22
202202,臺南農改場,,39
202201,臺南農改場,,39
202112,臺南農改場,,12
202111,臺南農改場,,6
202110,臺南農改場,,32
202109,臺南農改場,,225
202108,臺南農改場,,917
202107,臺南農改場,,439
202106,臺南農改場,,1059
202105,臺南農改場,,59
202104,臺南農改場,,20
202312,臺南蘭花園區,,10
202311,臺南蘭花園區,,0
202310,臺南蘭花園區,*,47
202309,臺南蘭花園區,,318
202308,臺南蘭花園區,*,168
202307,臺南蘭花園區,*,210
202306,臺南蘭花園區,*,198
202305,臺南蘭花園區,,85
202304,臺南蘭花園區,,XXX
202303,臺南蘭花園區,,2
202302,臺南蘭花園區,,0
202301,臺南蘭花園區,,9
202212,臺南蘭花園區,,10
202211,臺南蘭花園區,,1
202210,臺南蘭花園區,,5
202209,臺南蘭花園區,,44
202208,臺南蘭花園區,,311
202207,臺南蘭花園區,,169
202206,臺南蘭花園區,,273
202205,臺南蘭花園區,,243
202204,臺南蘭花園區,,30
202203,臺南蘭花園區,,37
202202,臺南蘭花園區,,69
202201,臺南蘭花園區,,38
202112,臺南蘭花園區,,23
202111,臺南蘭花園區,,14
202110,臺南蘭花園區,,11
202109,臺南蘭花園區,,75
202108,臺南蘭花園區,,567
202107,臺南蘭花園區,,175
202106,臺南蘭花園區,,566
202105,臺南蘭花園區,,98
202104,臺南蘭花園區,,22
201712,義竹工作站,,3
201711,義竹工作站,,11
201710,義竹工作站,,26
201709,義竹工作站,,15
201708,義竹工作站,,146
201707,義竹工作站,,505
201706,義竹工作站,,372
201705,義竹工作站,,82
201704,義竹工作站,,110
201703,義竹工作站,,14
201702,義竹工作站,,2
201701,義竹工作站,,0
201612,義竹工作站,*,10
201611,義竹工作站,,36
201610,義竹工作站,,34
201609,義竹工作站,,XXX
201608,義竹工作站,,XXX
201607,義竹工作站,,XXX
201606,義竹工作站,,XXX
201605,義竹工作站,,XXX
201604,義竹工作站,*,10
201603,義竹工作站,,89
201602,義竹工作站,,15
201601,義竹工作站,,112
201512,義竹工作站,*,37
201511,義竹工作站,,3
201510,義竹工作站,,10
201509,義竹工作站,,383
201508,義竹工作站,,517
201507,義竹工作站,,277
201506,義竹工作站,,42
201505,義竹工作站,*,382
201504,義竹工作站,,53
201503,義竹工作站,,16
201502,義竹工作站,,60
201501,義竹工作站,,6
201412,義竹工作站,,14
201411,義竹工作站,,5
201410,義竹工作站,,0
201409,義竹工作站,*,71
201408,義竹工作站,*,241
201407,義竹工作站,*,95
201406,義竹工作站,*,261
201405,義竹工作站,*,143
201404,義竹工作站,*,21
201403,義竹工作站,,74
201402,義竹工作站,,21
201401,義竹工作站,,0
201312,義竹工作站,,28
201311,義竹工作站,,11
201310,義竹工作站,,3
201309,義竹工作站,,54
201308,義竹工作站,,983
201307,義竹工作站,,153
201306,義竹工作站,,161
201305,義竹工作站,,258
201304,義竹工作站,,101
201303,義竹工作站,,13
201302,義竹工作站,,6
201301,義竹工作站,,13
201212,義竹工作站,,38
201211,義竹工作站,,71
201210,義竹工作站,,0
201209,義竹工作站,,19
201208,義竹工作站,,445
201207,義竹工作站,,169
201206,義竹工作站,,614
201205,義竹工作站,*,178
201204,義竹工作站,,79
201203,義竹工作站,,14
201202,義竹工作站,,46
201201,義竹工作站,,16
201112,義竹工作站,,8
201111,義竹工作站,,178
201110,義竹工作站,,20
201109,義竹工作站,,14
201108,義竹工作站,,133
201107,義竹工作站,,45
201106,義竹工作站,,208
201105,義竹工作站,,74
201104,義竹工作站,,9
201103,義竹工作站,,23
201102,義竹工作站,,17
201101,義竹工作站,,15
201012,義竹工作站,,18
201011,義竹工作站,,17
201010,義竹工作站,,22
201009,義竹工作站,,271
201008,義竹工作站,,70
201007,義竹工作站,,473
201006,義竹工作站,,175
201005,義竹工作站,,109
201004,義竹工作站,,49
201003,義竹工作站,,6
201002,義竹工作站,,24
201001,義竹工作站,,13
202312,種苗繁殖場,,18
202311,種苗繁殖場,,1
202310,種苗繁殖場,*,16
202309,種苗繁殖場,,196
202308,種苗繁殖場,,658
202307,種苗繁殖場,,194
202306,種苗繁殖場,,190
202305,種苗繁殖場,,219
202304,種苗繁殖場,,189
202303,種苗繁殖場,,20
202302,種苗繁殖場,,9
202301,種苗繁殖場,,9
202212,種苗繁殖場,,27
202211,種苗繁殖場,,26
202210,種苗繁殖場,,21
202209,種苗繁殖場,,129
202208,種苗繁殖場,,170
202207,種苗繁殖場,,197
202206,種苗繁殖場,,507
202205,種苗繁殖場,,556
202204,種苗繁殖場,,43
202203,種苗繁殖場,,198
202202,種苗繁殖場,,160
202201,種苗繁殖場,,45
202112,種苗繁殖場,,27
202111,種苗繁殖場,,9
202110,種苗繁殖場,,20
202109,種苗繁殖場,,87
202108,種苗繁殖場,,873
202107,種苗繁殖場,,256
202106,種苗繁殖場,,522
202105,種苗繁殖場,,232
202104,種苗繁殖場,,16
202103,種苗繁殖場,,37
202102,種苗繁殖場,,29
202101,種苗繁殖場,,12
202012,種苗繁殖場,,15
202011,種苗繁殖場,,10
202010,種苗繁殖場,,2
202009,種苗繁殖場,,13
202008,種苗繁殖場,,255
202007,種苗繁殖場,,182
202006,種苗繁殖場,,160
202312,畜試東區分所,,338
202311,畜試東區分所,,382
202310,畜試東區分所,,456
202309,畜試東區分所,,367
202308,畜試東區分所,*,69
202307,畜試東區分所,,165
202306,畜試東區分所,,207
202305,畜試東區分所,,100
202304,畜試東區分所,,71
202303,畜試東區分所,*,95
202302,畜試東區分所,,260
202301,畜試東區分所,,381
202212,畜試東區分所,,933
202211,畜試東區分所,,792
202210,畜試東區分所,,985
202209,畜試東區分所,,321
202208,畜試東區分所,,8
202207,畜試東區分所,,6
202206,畜試東區分所,,105
202205,畜試東區分所,,341
202204,畜試東區分所,,56
202203,畜試東區分所,,138
202202,畜試東區分所,,712
202201,畜試東區分所,,673
202112,畜試東區分所,,297
202111,畜試東區分所,,268
202312,畜試南區分所,,7
202311,畜試南區分所,,9
202310,畜試南區分所,,380
202309,畜試南區分所,,231
202308,畜試南區分所,,328
202307,畜試南區分所,,437
202306,畜試南區分所,,362
202305,畜試南區分所,,84
202304,畜試南區分所,,11
202303,畜試南區分所,*,2
202302,畜試南區分所,,22
202301,畜試南區分所,,43
202212,畜試南區分所,,25
202211,畜試南區分所,,29
202210,畜試南區分所,,241
202209,畜試南區分所,,50
202208,畜試南區分所,,296
202207,畜試南區分所,,128
202206,畜試南區分所,,138
202205,畜試南區分所,,318
202204,畜試南區分所,,31
202203,畜試南區分所,,12
202202,畜試南區分所,,26
202201,畜試南區分所,,264
202112,畜試南區分所,,47
202111,畜試南區分所,,40
202312,畜試北區分所,,56
202311,畜試北區分所,,0
202310,畜試北區分所,,42
202309,畜試北區分所,,53
202308,畜試北區分所,,149
202307,畜試北區分所,,67
202306,畜試北區分所,,84
202305,畜試北區分所,,301
202304,畜試北區分所,,320
202303,畜試北區分所,,29
202302,畜試北區分所,,19
202301,畜試北區分所,,6
202212,畜試北區分所,,12
202211,畜試北區分所,,17
202210,畜試北區分所,,10
202209,畜試北區分所,,157
202208,畜試北區分所,,47
202207,畜試北區分所,,41
202206,畜試北區分所,,250
202205,畜試北區分所,,480
202204,畜試北區分所,,80
202203,畜試北區分所,,288
202202,畜試北區分所,,181
202201,畜試北區分所,,66
202112,畜試北區分所,,54
202111,畜試北區分所,,10
202110,畜試北區分所,,13
202109,畜試北區分所,,12
202312,畜產試驗所,,25
202311,畜產試驗所,,0
202310,畜產試驗所,,18
202309,畜產試驗所,*,238
202308,畜產試驗所,,416
202307,畜產試驗所,,326
202306,畜產試驗所,,81
202305,畜產試驗所,,53
202304,畜產試驗所,*,9
202303,畜產試驗所,,1
202302,畜產試驗所,,0
202301,畜產試驗所,,2
202212,畜產試驗所,,12
202211,畜產試驗所,,1
202210,畜產試驗所,,22
202209,畜產試驗所,,41
202208,畜產試驗所,,475
202207,畜產試驗所,,103
202206,畜產試驗所,,156
202205,畜產試驗所,,252
202204,畜產試驗所,,7
202203,畜產試驗所,,34
202202,畜產試驗所,,70
202201,畜產試驗所,,41
202112,畜產試驗所,,11
202111,畜產試驗所,,5
202110,畜產試驗所,,29
202109,畜產試驗所,,198
202108,畜產試驗所,,917
202107,畜產試驗所,,437
202106,畜產試驗所,,1062
202105,畜產試驗所,,60
202104,畜產試驗所,,26
201912,畜產試驗所,*,66
201911,畜產試驗所,*,0
201910,畜產試驗所,*,1
201909,畜產試驗所,*,265
201908,畜產試驗所,*,678
201907,畜產試驗所,,428
201906,畜產試驗所,,327
201905,畜產試驗所,*,185
201904,畜產試驗所,*,99
201903,畜產試驗所,,50
201902,畜產試驗所,,3
201901,畜產試驗所,,1
201812,畜產試驗所,*,0
201811,畜產試驗所,*,1
201810,畜產試驗所,,XXX
201809,畜產試驗所,,XXX
201808,畜產試驗所,,XXX
201807,畜產試驗所,*,524
201806,畜產試驗所,,620
201805,畜產試驗所,,XXX
201804,畜產試驗所,,3
201803,畜產試驗所,,1
201802,畜產試驗所,,XXX
201801,畜產試驗所,,22
201712,畜產試驗所,*,0
201711,畜產試驗所,,1
201710,畜產試驗所,*,5
201709,畜產試驗所,,90
201708,畜產試驗所,,153
201707,畜產試驗所,,479
201706,畜產試驗所,,344
201705,畜產試驗所,,XXX
201704,畜產試驗所,*,107
201703,畜產試驗所,,6
201702,畜產試驗所,*,2
201701,畜產試驗所,*,0
201612,畜產試驗所,,XXX
201611,畜產試驗所,*,62
201610,畜產試驗所,*,80
201609,畜產試驗所,*,1319
201608,畜產試驗所,,199
201607,畜產試驗所,*,411
201606,畜產試驗所,*,505
201605,畜產試驗所,*,97
201604,畜產試驗所,*,249
201603,畜產試驗所,,97
201602,畜產試驗所,,14
201601,畜產試驗所,,200
201512,畜產試驗所,,21
201511,畜產試驗所,,0
201510,畜產試驗所,,130
201509,畜產試驗所,,206
201508,畜產試驗所,*,647
201507,畜產試驗所,,369
201506,畜產試驗所,,3
201505,畜產試驗所,,436
201504,畜產試驗所,,49
201503,畜產試驗所,,0
201502,畜產試驗所,,27
201501,畜產試驗所,,11
201412,畜產試驗所,*,12
201411,畜產試驗所,,0
201410,畜產試驗所,*,17
201409,畜產試驗所,,187
201408,畜產試驗所,,609
201407,畜產試驗所,,203
201406,畜產試驗所,,215
201405,畜產試驗所,*,159
201404,畜產試驗所,*,14
201403,畜產試驗所,*,39
201402,畜產試驗所,*,15
201401,畜產試驗所,,0
201312,畜產試驗所,*,31
201311,畜產試驗所,,7
201310,畜產試驗所,*,0
201309,畜產試驗所,,100
201308,畜產試驗所,*,1311
201307,畜產試驗所,,229
201306,畜產試驗所,,186
201305,畜產試驗所,,277
201304,畜產試驗所,,138
201303,畜產試驗所,,19
201302,畜產試驗所,,0
201301,畜產試驗所,,10
201212,畜產試驗所,,26
201211,畜產試驗所,,98
201210,畜產試驗所,,2
201209,畜產試驗所,,52
201208,畜產試驗所,,631
201207,畜產試驗所,,150
201206,畜產試驗所,,895
201205,畜產試驗所,*,204
201204,畜產試驗所,,143
201203,畜產試驗所,,7
201202,畜產試驗所,,36
201201,畜產試驗所,,8
201112,畜產試驗所,,10
201111,畜產試驗所,,192
201110,畜產試驗所,,40
201109,畜產試驗所,,66
201108,畜產試驗所,*,250
201107,畜產試驗所,,253
201106,畜產試驗所,,238
201105,畜產試驗所,,62
201104,畜產試驗所,,31
201103,畜產試驗所,,8
201102,畜產試驗所,,11
201101,畜產試驗所,,10
201012,畜產試驗所,,20
201011,畜產試驗所,,57
201010,畜產試驗所,,39
201009,畜產試驗所,,735
201008,畜產試驗所,,207
201007,畜產試驗所,,625
201006,畜產試驗所,,257
201005,畜產試驗所,,190
201004,畜產試驗所,,40
201003,畜產試驗所,,1
201002,畜產試驗所,,36
201001,畜產試驗所,,14
202312,王功漁港,,8
202311,王功漁港,,0
202310,王功漁港,*,1
202309,王功漁港,*,66
202308,王功漁港,,38
201712,溪頭營林區,,32
201711,溪頭營林區,,51
201710,溪頭營林區,,78
201709,溪頭營林區,,95
201708,溪頭營林區,,128
201707,溪頭營林區,,522
201706,溪頭營林區,,1245
201705,溪頭營林區,*,185
201704,溪頭營林區,,237
201703,溪頭營林區,,73
201702,溪頭營林區,,13
201701,溪頭營林區,*,1
201612,溪頭營林區,*,25
201611,溪頭營林區,*,102
201610,溪頭營林區,,84
201609,溪頭營林區,,689
201608,溪頭營林區,,239
201607,溪頭營林區,*,234
201606,溪頭營林區,*,379
201605,溪頭營林區,,XXX
201604,溪頭營林區,,XXX
201603,溪頭營林區,,XXX
201602,溪頭營林區,,XXX
201601,溪頭營林區,,XXX
201512,溪頭營林區,,XXX
201511,溪頭營林區,,XXX
201510,溪頭營林區,,XXX
201509,溪頭營林區,,XXX
201508,溪頭營林區,,XXX
201507,溪頭營林區,,XXX
201506,溪頭營林區,,XXX
201505,溪頭營林區,,XXX
201504,溪頭營林區,,XXX
201503,溪頭營林區,,XXX
201502,溪頭營林區,,XXX
201501,溪頭營林區,,XXX
201412,溪頭營林區,,XXX
201411,溪頭營林區,,XXX
201410,溪頭營林區,,XXX
201409,溪頭營林區,,XXX
201408,溪頭營林區,,XXX
201407,溪頭營林區,,XXX
201406,溪頭營林區,,XXX
201405,溪頭營林區,,599
201404,溪頭營林區,,52
201403,溪頭營林區,*,91
201402,溪頭營林區,,64
201401,溪頭營林區,,0
201312,溪頭營林區,,106
201311,溪頭營林區,,31
201310,溪頭營林區,*,28
201309,溪頭營林區,*,189
201308,溪頭營林區,,無資料
201307,溪頭營林區,,無資料
201306,溪頭營林區,,128
201305,溪頭營林區,,491
201304,溪頭營林區,,290
201303,溪頭營林區,*,40
201302,溪頭營林區,,無資料
201301,溪頭營林區,,無資料
201212,溪頭營林區,,無資料
201211,溪頭營林區,,167
201210,溪頭營林區,,12
201209,溪頭營林區,,97
201208,溪頭營林區,,1007
201207,溪頭營林區,,151
201206,溪頭營林區,,729
201205,溪頭營林區,,459
201204,溪頭營林區,,279
201203,溪頭營林區,,27
201202,溪頭營林區,,96
201201,溪頭營林區,,81
201112,溪頭營林區,,44
201111,溪頭營林區,,210
201110,溪頭營林區,,102
201109,溪頭營林區,,55
201108,溪頭營林區,,233
201107,溪頭營林區,,240
201106,溪頭營林區,,239
201105,溪頭營林區,,359
201104,溪頭營林區,,22
201103,溪頭營林區,,62
201102,溪頭營林區,,27
201101,溪頭營林區,,84
201012,溪頭營林區,,57
201011,溪頭營林區,,76
201010,溪頭營林區,,44
201009,溪頭營林區,,335
201008,溪頭營林區,,266
201007,溪頭營林區,,165
201006,溪頭營林區,,296
201005,溪頭營林區,,218
201004,溪頭營林區,,200
201003,溪頭營林區,,21
201002,溪頭營林區,,85
201001,溪頭營林區,,52
202306,溪口農場,,235
202305,溪口農場,,147
202304,溪口農場,*,75
202303,溪口農場,,5
202302,溪口農場,,0
202301,溪口農場,,9
202212,溪口農場,,26
202211,溪口農場,,3
202210,溪口農場,,4
202209,溪口農場,,37
202208,溪口農場,,338
202207,溪口農場,,78
202206,溪口農場,,280
202205,溪口農場,,270
202204,溪口農場,,56
202203,溪口農場,,96
202202,溪口農場,,91
202201,溪口農場,,28
202112,溪口農場,,25
202111,溪口農場,,6
202110,溪口農場,,7
202109,溪口農場,,23
202108,溪口農場,,635
202107,溪口農場,,149
202106,溪口農場,,691
202105,溪口農場,,115
202104,溪口農場,,32
202312,海口故事園區,,4
202311,海口故事園區,,0
202310,海口故事園區,*,1
202309,海口故事園區,*,185
202308,海口故事園區,*,153
202312,水試臺西試驗場,,8
202311,水試臺西試驗場,*,0
202310,水試臺西試驗場,,13
202309,水試臺西試驗場,,125
202308,水試臺西試驗場,,118
202307,水試臺西試驗場,,116
202306,水試臺西試驗場,*,35
202305,水試臺西試驗場,,152
202304,水試臺西試驗場,,80
202303,水試臺西試驗場,,8
202302,水試臺西試驗場,,8
202301,水試臺西試驗場,,4
202212,水試臺西試驗場,,11
202211,水試臺西試驗場,,0
202210,水試臺西試驗場,,0
202209,水試臺西試驗場,,14
202208,水試臺西試驗場,,146
202207,水試臺西試驗場,,93
202206,水試臺西試驗場,,177
202205,水試臺西試驗場,,291
202204,水試臺西試驗場,,18
202203,水試臺西試驗場,,93
202202,水試臺西試驗場,,77
202201,水試臺西試驗場,,25
202112,水試臺西試驗場,,16
202111,水試臺西試驗場,,4
202110,水試臺西試驗場,,18
202109,水試臺西試驗場,,25
202312,水試所海水繁養殖中心,,10
202311,水試所海水繁養殖中心,,0
202310,水試所海水繁養殖中心,*,0
202309,水試所海水繁養殖中心,,196
202308,水試所海水繁養殖中心,,326
202312,桃改樹林分場,,111
202311,桃改樹林分場,,21
202310,桃改樹林分場,,219
202309,桃改樹林分場,,215
202308,桃改樹林分場,,506
202307,桃改樹林分場,,242
202306,桃改樹林分場,,269
202305,桃改樹林分場,,201
202304,桃改樹林分場,,96
202303,桃改樹林分場,,30
202302,桃改樹林分場,,22
202301,桃改樹林分場,,17
202212,桃改樹林分場,,87
202211,桃改樹林分場,,117
202210,桃改樹林分場,,347
202209,桃改樹林分場,,266
202208,桃改樹林分場,,87
202207,桃改樹林分場,,195
202206,桃改樹林分場,,253
202205,桃改樹林分場,,503
202204,桃改樹林分場,,92
202203,桃改樹林分場,,215
202202,桃改樹林分場,*,260
202201,桃改樹林分場,,116
202112,桃改樹林分場,,67
202111,桃改樹林分場,,111
202110,桃改樹林分場,,334
202109,桃改樹林分場,,112
202306,桃改新埔工作站,,68
202305,桃改新埔工作站,,429
202304,桃改新埔工作站,,151
202303,桃改新埔工作站,,26
202302,桃改新埔工作站,,12
202301,桃改新埔工作站,,5
202212,桃改新埔工作站,,42
202211,桃改新埔工作站,,75
202210,桃改新埔工作站,,55
202209,桃改新埔工作站,,278
202208,桃改新埔工作站,,48
202207,桃改新埔工作站,,25
202206,桃改新埔工作站,,281
202205,桃改新埔工作站,,483
202204,桃改新埔工作站,,122
202203,桃改新埔工作站,,248
202202,桃改新埔工作站,,228
202201,桃改新埔工作站,,79
202112,桃改新埔工作站,,55
202111,桃改新埔工作站,,44
202110,桃改新埔工作站,,101
202109,桃改新埔工作站,,30
202108,桃改新埔工作站,,305
202107,桃改新埔工作站,,189
202106,桃改新埔工作站,,117
202105,桃改新埔工作站,,134
202104,桃改新埔工作站,,57
202103,桃改新埔工作站,,103
202102,桃改新埔工作站,,44
202101,桃改新埔工作站,,21
202012,桃改新埔工作站,,無資料
202011,桃改新埔工作站,,無資料
202312,桃改新埔分場,,41
202311,桃改新埔分場,,4
202310,桃改新埔分場,,110
202309,桃改新埔分場,,76
202308,桃改新埔分場,,236
202307,桃改新埔分場,,59
202306,桃改新埔分場,,68
202305,桃改新埔分場,,429
202304,桃改新埔分場,,151
202303,桃改新埔分場,,26
202302,桃改新埔分場,,12
202301,桃改新埔分場,,5
202212,桃改新埔分場,,42
202211,桃改新埔分場,,75
202210,桃改新埔分場,,55
202209,桃改新埔分場,,278
202208,桃改新埔分場,,48
202207,桃改新埔分場,,25
202206,桃改新埔分場,,281
202205,桃改新埔分場,,483
202204,桃改新埔分場,,122
202203,桃改新埔分場,,248
202202,桃改新埔分場,,228
202201,桃改新埔分場,,79
202112,桃改新埔分場,,55
202111,桃改新埔分場,,44
202110,桃改新埔分場,,101
202109,桃改新埔分場,,30
202306,桃改台北分場,,269
202305,桃改台北分場,,201
202304,桃改台北分場,,96
202303,桃改台北分場,,30
202302,桃改台北分場,,22
202301,桃改台北分場,,17
202212,桃改台北分場,,87
202211,桃改台北分場,,117
202210,桃改台北分場,,347
202209,桃改台北分場,,266
202208,桃改台北分場,,87
202207,桃改台北分場,,195
202206,桃改台北分場,,253
202205,桃改台北分場,,503
202204,桃改台北分場,,92
202203,桃改台北分場,,215
202202,桃改台北分場,,260
202201,桃改台北分場,,116
202112,桃改台北分場,,67
202111,桃改台北分場,,111
202110,桃改台北分場,,334
202109,桃改台北分場,,112
202108,桃改台北分場,,444
202107,桃改台北分場,,446
202106,桃改台北分場,,303
202105,桃改台北分場,,103
202104,桃改台北分場,,63
202103,桃改台北分場,,63
202102,桃改台北分場,,95
202101,桃改台北分場,,69
202012,桃改台北分場,,無資料
202011,桃改台北分場,,無資料
202312,桃改五峰分場,,112
202311,桃改五峰分場,,26
202310,桃改五峰分場,,144
202309,桃改五峰分場,,142
202308,桃改五峰分場,,367
202307,桃改五峰分場,,323
202306,桃改五峰分場,,332
202305,桃改五峰分場,,278
202304,桃改五峰分場,,252
202303,桃改五峰分場,,46
202302,桃改五峰分場,,34
202301,桃改五峰分場,,23
202212,桃改五峰分場,,76
202211,桃改五峰分場,,107
202210,桃改五峰分場,,152
202209,桃改五峰分場,,895
202208,桃改五峰分場,,121
202207,桃改五峰分場,,199
202206,桃改五峰分場,*,308
202205,桃改五峰分場,85,399
202204,桃改五峰分場,,85
202203,桃改五峰分場,,253
202202,桃改五峰分場,,315
202201,桃改五峰分場,,84
202112,桃改五峰分場,,35
202111,桃改五峰分場,,23
202110,桃改五峰分場,,70
202109,桃改五峰分場,,156
202312,桃園農改場,,82
202311,桃園農改場,,5
202310,桃園農改場,,72
202309,桃園農改場,,61
202308,桃園農改場,*,104
202307,桃園農改場,,15
202306,桃園農改場,,78
202305,桃園農改場,*,428
202304,桃園農改場,*,141
202303,桃園農改場,,32
202302,桃園農改場,,57
202301,桃園農改場,,15
202212,桃園農改場,,68
202211,桃園農改場,,109
202210,桃園農改場,,184
202209,桃園農改場,,73
202208,桃園農改場,,47
202207,桃園農改場,,39
202206,桃園農改場,,273
202205,桃園農改場,,422
202204,桃園農改場,,56
202203,桃園農改場,,192
202202,桃園農改場,,245
202201,桃園農改場,,79
202112,桃園農改場,,88
202111,桃園農改場,,50
202110,桃園農改場,,113
202109,桃園農改場,,11
202108,桃園農改場,,225
202107,桃園農改場,,85
202106,桃園農改場,,166
202105,桃園農改場,,87
202104,桃園農改場,,58
202103,桃園農改場,,114
202102,桃園農改場,,63
202101,桃園農改場,,36
202012,桃園農改場,,79
202011,桃園農改場,,17
202010,桃園農改場,,19
202009,桃園農改場,,113
202008,桃園農改場,,134
202007,桃園農改場,,13
202006,桃園農改場,,13
201912,桃園農改場,*,184
201911,桃園農改場,,22
201910,桃園農改場,*,7
201909,桃園農改場,*,164
201908,桃園農改場,*,288
201907,桃園農改場,*,17
201906,桃園農改場,*,312
201905,桃園農改場,,587
201904,桃園農改場,*,123
201903,桃園農改場,,229
201902,桃園農改場,*,65
201901,桃園農改場,,44
201812,桃園農改場,*,58
201811,桃園農改場,,28
201810,桃園農改場,,XXX
201809,桃園農改場, ,XXX
201808,桃園農改場,*,103
201807,桃園農改場,,XXX
201806,桃園農改場,,XXX
201805,桃園農改場, ,XXX
201804,桃園農改場,*,20
201803,桃園農改場,,XXX
201802,桃園農改場,,XXX
201801,桃園農改場,,XXX
201712,桃園農改場,,XXX
201711,桃園農改場,*,38
201710,桃園農改場,*,140
201709,桃園農改場,*,7
201708,桃園農改場,*,4
201707,桃園農改場,*,16
201706,桃園農改場,*,530
201705,桃園農改場,*,30
201704,桃園農改場,*,46
201703,桃園農改場,*,59
201702,桃園農改場,*,42
201701,桃園農改場,,無資料
201612,桃園農改場,*,6
201611,桃園農改場,,112
201610,桃園農改場,,無資料
201609,桃園農改場,*,110
201608,桃園農改場,,無資料
201607,桃園農改場,*,9
201606,桃園農改場,*,262
201605,桃園農改場,*,84
201604,桃園農改場,,無資料
201603,桃園農改場,,無資料
201602,桃園農改場,,無資料
201601,桃園農改場,,292
201512,桃園農改場,*,92
201511,桃園農改場,*,5
201510,桃園農改場,*,73
201509,桃園農改場,*,113
201508,桃園農改場,*,173
201507,桃園農改場,,15
201506,桃園農改場,*,XXX
201505,桃園農改場,*,70
201504,桃園農改場,*,123
201503,桃園農改場,*,118
201502,桃園農改場,*,5
201501,桃園農改場,*,19
201412,桃園農改場,,63
201411,桃園農改場,*,29
201410,桃園農改場,,12
201409,桃園農改場,,0
201408,桃園農改場,,29
201407,桃園農改場,,36
201406,桃園農改場,*,155
201405,桃園農改場,*,365
201404,桃園農改場,*,92
201403,桃園農改場,,98
201402,桃園農改場,,161
201401,桃園農改場,,9
201312,桃園農改場,*,74
201311,桃園農改場,*,34
201310,桃園農改場,*,7
201309,桃園農改場,*,32
201308,桃園農改場,*,353
201307,桃園農改場,*,2
201306,桃園農改場,,46
201305,桃園農改場,,383
201304,桃園農改場,,266
201303,桃園農改場,,86
201302,桃園農改場,,42
201301,桃園農改場,*,69
201212,桃園農改場,*,38
201211,桃園農改場,,無資料
201210,桃園農改場,,35
201209,桃園農改場,,60
201208,桃園農改場,,399
201207,桃園農改場,,53
201206,桃園農改場,*,158
201205,桃園農改場,,212
201204,桃園農改場,*,165
201203,桃園農改場,,50
201202,桃園農改場,,133
201201,桃園農改場,,119
201112,桃園農改場,*,72
201111,桃園農改場,,290
201110,桃園農改場,,74
201109,桃園農改場,*,14
201108,桃園農改場,,31
201107,桃園農改場,,443
201106,桃園農改場,,191
201105,桃園農改場,,264
201104,桃園農改場,,27
201103,桃園農改場,,83
201102,桃園農改場,,58
201101,桃園農改場,,64
201012,桃園農改場,,56
201011,桃園農改場,,30
201010,桃園農改場,,75
201009,桃園農改場,,92
201008,桃園農改場,,139
201007,桃園農改場,,39
201006,桃園農改場,,145
201005,桃園農改場,,179
201004,桃園農改場,,126
201003,桃園農改場,,91
201002,桃園農改場,*,180
201001,桃園農改場,,93
202312,桃園茶改場,,92
202311,桃園茶改場,,19
202310,桃園茶改場,,165
202309,桃園茶改場,,113
202308,桃園茶改場,,180
202307,桃園茶改場,,83
202306,桃園茶改場,,107
202305,桃園茶改場,,350
202304,桃園茶改場,,135
202303,桃園茶改場,,38
202302,桃園茶改場,,40
202301,桃園茶改場,,32
202212,桃園茶改場,,118
202211,桃園茶改場,,136
202210,桃園茶改場,,280
202209,桃園茶改場,,500
202208,桃園茶改場,,186
202207,桃園茶改場,,58
202206,桃園茶改場,,262
202205,桃園茶改場,,586
202204,桃園茶改場,,112
202203,桃園茶改場,,279
202202,桃園茶改場,,330
202201,桃園茶改場,,105
202112,桃園茶改場,,73
202111,桃園茶改場,,85
202110,桃園茶改場,,249
202109,桃園茶改場,,40
202108,桃園茶改場,,290
202107,桃園茶改場,,281
202106,桃園茶改場,,160
202105,桃園茶改場,,122
202104,桃園茶改場,,71
202103,桃園茶改場,,95
202102,桃園茶改場,,36
202101,桃園茶改場,,51
202012,桃園茶改場,,108
202011,桃園茶改場,,20
202010,桃園茶改場,,33
202009,桃園茶改場,,162
202008,桃園茶改場,,1956
202007,桃園茶改場,,28
202006,桃園茶改場,,32
202312,林試畢祿溪站,*,8
202311,林試畢祿溪站,,1
202310,林試畢祿溪站,*,108
202309,林試畢祿溪站,,522
202308,林試畢祿溪站,,201
202307,林試畢祿溪站,*,455
202306,林試畢祿溪站,*,108
202305,林試畢祿溪站,,229
202304,林試畢祿溪站,,151
202303,林試畢祿溪站,,51
202302,林試畢祿溪站,,11
202301,林試畢祿溪站,,25
202212,林試畢祿溪站,,54
202211,林試畢祿溪站,*,98
202210,林試畢祿溪站,,288
202209,林試畢祿溪站,,145
202208,林試畢祿溪站,,67
202207,林試畢祿溪站,,78
202206,林試畢祿溪站,,182
202205,林試畢祿溪站,,527
202204,林試畢祿溪站,,110
202203,林試畢祿溪站,,246
202202,林試畢祿溪站,,349
202201,林試畢祿溪站,,161
202112,林試畢祿溪站,,91
202111,林試畢祿溪站,,57
202110,林試畢祿溪站,,465
202109,林試畢祿溪站,,62
202108,林試畢祿溪站,,322
202107,林試畢祿溪站,,71
202106,林試畢祿溪站,,238
202105,林試畢祿溪站,,153
202104,林試畢祿溪站,,30
202103,林試畢祿溪站,,82
202102,林試畢祿溪站,,28
202101,林試畢祿溪站,,28
202012,林試畢祿溪站,,無資料
202011,林試畢祿溪站,,無資料
202312,林試扇平站,,11
202311,林試扇平站,,0
202310,林試扇平站,,8
202309,林試扇平站,*,268
202308,林試扇平站,,713
202307,林試扇平站,*,206
202306,林試扇平站,,XXX
202305,林試扇平站,*,154
202304,林試扇平站,,47
202303,林試扇平站,,0
202302,林試扇平站,,5
202301,林試扇平站,*,4
202212,林試扇平站,,21
202211,林試扇平站,,4
202210,林試扇平站,,55
202209,林試扇平站,,3
202208,林試扇平站,,155
202207,林試扇平站,,242
202206,林試扇平站,,346
202205,林試扇平站,*,482
202204,林試扇平站,,21
202203,林試扇平站,,45
202202,林試扇平站,,46
202201,林試扇平站,,56
202112,林試扇平站,,21
202111,林試扇平站,,14
202110,林試扇平站,,128
202109,林試扇平站,,244
202108,林試扇平站,*,2460
202107,林試扇平站,,599
202106,林試扇平站,,1216
202105,林試扇平站,,188
202104,林試扇平站,,57
202312,林試太麻里2,,16
202311,林試太麻里2,,2
202310,林試太麻里2,*,270
202309,林試太麻里2,*,391
202308,林試太麻里2,,292
202307,林試太麻里2,,637
202306,林試太麻里2,,159
202305,林試太麻里2,,112
202304,林試太麻里2,,14
202303,林試太麻里2,,11
202302,林試太麻里2,,20
202301,林試太麻里2,,28
202212,林試太麻里2,,14
202211,林試太麻里2,,44
202210,林試太麻里2,,404
202209,林試太麻里2,,79
202208,林試太麻里2,,139
202207,林試太麻里2,,81
202206,林試太麻里2,,120
202205,林試太麻里2,,189
202204,林試太麻里2,,145
202203,林試太麻里2,,40
202202,林試太麻里2,,33
202201,林試太麻里2,,152
202112,林試太麻里2,,49
202111,林試太麻里2,,55
202110,林試太麻里2,,582
202109,林試太麻里2,,74
202108,林試太麻里2,,226
202107,林試太麻里2,,88
202106,林試太麻里2,,160
202105,林試太麻里2,,13
202104,林試太麻里2,,38
202312,林試太麻里1,,18
202311,林試太麻里1,,8
202310,林試太麻里1,,280
202309,林試太麻里1,*,400
202308,林試太麻里1,,389
202307,林試太麻里1,,708
202306,林試太麻里1,,285
202305,林試太麻里1,,103
202304,林試太麻里1,,20
202303,林試太麻里1,,19
202302,林試太麻里1,,30
202301,林試太麻里1,,48
202212,林試太麻里1,,18
202211,林試太麻里1,,65
202210,林試太麻里1,,448
202209,林試太麻里1,,89
202208,林試太麻里1,,147
202207,林試太麻里1,,81
202206,林試太麻里1,,144
202205,林試太麻里1,,229
202204,林試太麻里1,,138
202203,林試太麻里1,,51
202202,林試太麻里1,,44
202201,林試太麻里1,,155
202112,林試太麻里1,,57
202111,林試太麻里1,,72
202110,林試太麻里1,,687
202109,林試太麻里1,,78
202108,林試太麻里1,,264
202107,林試太麻里1,,112
202106,林試太麻里1,,206
202105,林試太麻里1,,27
202104,林試太麻里1,,22
202312,林試六龜中心,,27
202311,林試六龜中心,,2
202310,林試六龜中心,,167
202309,林試六龜中心,*,613
202308,林試六龜中心,,736
202307,林試六龜中心,,279
202306,林試六龜中心,,294
202305,林試六龜中心,,226
202304,林試六龜中心,,30
202303,林試六龜中心,,1
202302,林試六龜中心,,6
202301,林試六龜中心,,1
202212,林試六龜中心,,20
202211,林試六龜中心,,7
202210,林試六龜中心,,59
202209,林試六龜中心,,106
202208,林試六龜中心,,367
202207,林試六龜中心,,233
202206,林試六龜中心,,361
202205,林試六龜中心,,593
202204,林試六龜中心,,15
202203,林試六龜中心,,43
202202,林試六龜中心,,56
202201,林試六龜中心,,53
202112,林試六龜中心,,13
202111,林試六龜中心,,10
202110,林試六龜中心,,59
202109,林試六龜中心,,333
202108,林試六龜中心,,2013
202107,林試六龜中心,,663
202106,林試六龜中心,,1215
202105,林試六龜中心,,173
202104,林試六龜中心,,38
202312,東港工作站,,3
202311,東港工作站,,0
202310,東港工作站,,35
202309,東港工作站,,538
202308,東港工作站,,520
202307,東港工作站,,195
202306,東港工作站,*,341
202305,東港工作站,*,103
202304,東港工作站,,12
202303,東港工作站,,0
202302,東港工作站,,0
202301,東港工作站,,0
202212,東港工作站,,11
202211,東港工作站,,1
202210,東港工作站,,28
202209,東港工作站,,34
202208,東港工作站,,98
202207,東港工作站,,196
202206,東港工作站,,109
202205,東港工作站,,282
202204,東港工作站,,0
202203,東港工作站,,26
202202,東港工作站,,29
202201,東港工作站,,86
202112,東港工作站,,2
202111,東港工作站,,2
202110,東港工作站,,89
202109,東港工作站,,102
202108,東港工作站,,951
202107,東港工作站,,567
202106,東港工作站,,797
202105,東港工作站,,34
202104,東港工作站,29.5,
201712,東港,,XXX
201711,東港,,XXX
201710,東港,,XXX
201709,東港,,XXX
201708,東港,,XXX
201707,東港,,XXX
201706,東港,,XXX
201705,東港,,XXX
201704,東港,,XXX
201703,東港,,XXX
201702,東港,,XXX
201701,東港,,XXX
201612,東港,,XXX
201611,東港,,XXX
201610,東港,,XXX
201609,東港,,XXX
201608,東港,,XXX
201607,東港,,XXX
201606,東港,,XXX
201605,東港,,XXX
201604,東港,,XXX
201603,東港,,XXX
201602,東港,,XXX
201601,東港,,XXX
201512,東港,,XXX
201511,東港,,XXX
201510,東港,,XXX
201509,東港,,XXX
201508,東港,,XXX
201507,東港,,XXX
201506,東港,,XXX
201505,東港,,XXX
201504,東港,,XXX
201503,東港,,XXX
201502,東港,,XXX
201501,東港,,XXX
201412,東港,,XXX
201411,東港,,XXX
201410,東港,,XXX
201409,東港,,XXX
201408,東港,,XXX
201407,東港,,XXX
201406,東港,,XXX
201405,東港,,XXX
201404,東港,,XXX
201403,東港,,XXX
201402,東港,,XXX
201401,東港,,XXX
201312,東港,,無資料
201311,東港,,無資料
201310,東港,,無資料
201309,東港,,無資料
201308,東港,,無資料
201307,東港,,無資料
201306,東港,,無資料
201305,東港,,無資料
201304,東港,,無資料
201303,東港,,無資料
201302,東港,,無資料
201301,東港,,無資料
201212,東港,,無資料
201211,東港,,無資料
201210,東港,,8
201209,東港,,68
201208,東港,,851
201207,東港,,65
201206,東港,,1007
201205,東港,*,221
201204,東港,,118
201203,東港,,7
201202,東港,,50
201201,東港,,0
201112,東港,,22
201111,東港,,106
201110,東港,,76
201109,東港,,73
201108,東港,,294
201107,東港,,390
201106,東港,*,233
201105,東港,,153
201104,東港,,25
201103,東港,,10
201102,東港,,2
201101,東港,,12
201012,東港,,14
201011,東港,,13
201010,東港,,96
201009,東港,*,849
201008,東港,,220
201007,東港,,270
201006,東港,,306
201005,東港,,280
201004,東港,,54
201003,東港,,1
201002,東港,,9
201001,東港,,0
202312,東改賓朗果園,,26
202311,東改賓朗果園,,6
202310,東改賓朗果園,,330
202309,東改賓朗果園,,XXX
202308,東改賓朗果園,*,483
202307,東改賓朗果園,,830
202306,東改賓朗果園,,250
202305,東改賓朗果園,,159
202304,東改賓朗果園,,36
202303,東改賓朗果園,,24
202302,東改賓朗果園,,25
202301,東改賓朗果園,,23
202212,東改賓朗果園,*,1
202211,東改賓朗果園,,65
202210,東改賓朗果園,,410
202209,東改賓朗果園,,100
202208,東改賓朗果園,,210
202207,東改賓朗果園,,50
202206,東改賓朗果園,,184
202205,東改賓朗果園,,177
202204,東改賓朗果園,,180
202203,東改賓朗果園,,31
202202,東改賓朗果園,,82
202201,東改賓朗果園,,138
202112,東改賓朗果園,,50
202111,東改賓朗果園,,38
202110,東改賓朗果園,,695
202109,東改賓朗果園,,72
202108,東改賓朗果園,,326
202107,東改賓朗果園,,113
202106,東改賓朗果園,,118
202105,東改賓朗果園,,95
202104,東改賓朗果園,,57
202312,東改班鳩分場,,26
202311,東改班鳩分場,,4
202310,東改班鳩分場,,322
202309,東改班鳩分場,,220
202308,東改班鳩分場,,363
202307,東改班鳩分場,,773
202306,東改班鳩分場,*,190
202305,東改班鳩分場,*,157
202304,東改班鳩分場,*,34
202303,東改班鳩分場,,18
202302,東改班鳩分場,,29
202301,東改班鳩分場,,23
202212,東改班鳩分場,,16
202211,東改班鳩分場,,64
202210,東改班鳩分場,,352
202209,東改班鳩分場,,104
202208,東改班鳩分場,,188
202207,東改班鳩分場,,32
202206,東改班鳩分場,*,173
202205,東改班鳩分場,,174
202204,東改班鳩分場,,222
202203,東改班鳩分場,,31
202202,東改班鳩分場,,63
202201,東改班鳩分場,,129
202112,東改班鳩分場,,38
202111,東改班鳩分場,,47
202110,東改班鳩分場,,709
202109,東改班鳩分場,,123
202108,東改班鳩分場,,349
202107,東改班鳩分場,,116
202106,東改班鳩分場,,176
202105,東改班鳩分場,,108
202104,東改班鳩分場,,60
202306,新竹畜試所,,84
202305,新竹畜試所,,301
202304,新竹畜試所,,320
202303,新竹畜試所,,29
202302,新竹畜試所,,19
202301,新竹畜試所,,6
202212,新竹畜試所,,12
202211,新竹畜試所,,17
202210,新竹畜試所,,10
202209,新竹畜試所,,157
202208,新竹畜試所,,47
202207,新竹畜試所,,41
202206,新竹畜試所,,250
202205,新竹畜試所,,480
202204,新竹畜試所,,80
202203,新竹畜試所,,288
202202,新竹畜試所,,181
202201,新竹畜試所,,66
202112,新竹畜試所,,54
202111,新竹畜試所,,10
202110,新竹畜試所,,13
202109,新竹畜試所,,12
202108,新竹畜試所,,279
202107,新竹畜試所,,216
202106,新竹畜試所,,390
202105,新竹畜試所,,305
202104,新竹畜試所,,33
202103,新竹畜試所,,56
202102,新竹畜試所,,53
202101,新竹畜試所,,10
202012,新竹畜試所,,38
202011,新竹畜試所,,9
202010,新竹畜試所,,10
202009,新竹畜試所,,14
202008,新竹畜試所,,88
202007,新竹畜試所,,15
202006,新竹畜試所,,70
202306,文山茶改場,,437
202305,文山茶改場,,281
202304,文山茶改場,,156
202303,文山茶改場,,55
202302,文山茶改場,,99
202301,文山茶改場,,110
202212,文山茶改場,,343
202211,文山茶改場,,216
202210,文山茶改場,,717
202209,文山茶改場,,909
202208,文山茶改場,,53
202207,文山茶改場,,132
202206,文山茶改場,*,254
202205,文山茶改場,,621
202204,文山茶改場,,136
202203,文山茶改場,,224
202202,文山茶改場,,366
202201,文山茶改場,,167
202112,文山茶改場,,119
202111,文山茶改場,,167
202110,文山茶改場,,541
202109,文山茶改場,,264
202108,文山茶改場,,510
202107,文山茶改場,,445
202106,文山茶改場,,289
202105,文山茶改場,,295
202104,文山茶改場,,63
202103,文山茶改場,,89
202102,文山茶改場,,101
202101,文山茶改場,,132
202012,文山茶改場,,274
202011,文山茶改場,,185
202010,文山茶改場,,200
202009,文山茶改場,,175
202008,文山茶改場,,297
202007,文山茶改場,,326
202006,文山茶改場,,175
202005,文山茶改場,,500
201912,文山茶改場,,235
201911,文山茶改場,,118
201910,文山茶改場,*,142
201909,文山茶改場,*,771
201908,文山茶改場,*,329
201907,文山茶改場,,241
201906,文山茶改場,*,394
201905,文山茶改場,*,243
201904,文山茶改場,*,141
201903,文山茶改場,,184
201902,文山茶改場,*,82
201901,文山茶改場,*,119
201812,文山茶改場,*,194
201811,文山茶改場,,108
201810,文山茶改場,,XXX
201809,文山茶改場,,XXX
201808,文山茶改場,,XXX
201807,文山茶改場,,XXX
201806,文山茶改場,,XXX
201805,文山茶改場,,XXX
201804,文山茶改場,,XXX
201803,文山茶改場,,XXX
201802,文山茶改場,,XXX
201801,文山茶改場,,XXX
202306,恆春畜試所,,362
202305,恆春畜試所,,84
202304,恆春畜試所,,11
202303,恆春畜試所,*,2
202302,恆春畜試所,,22
202301,恆春畜試所,,43
202212,恆春畜試所,,25
202211,恆春畜試所,,29
202210,恆春畜試所,,241
202209,恆春畜試所,,50
202208,恆春畜試所,,296
202207,恆春畜試所,,128
202206,恆春畜試所,,138
202205,恆春畜試所,,318
202204,恆春畜試所,,31
202203,恆春畜試所,,12
202202,恆春畜試所,,26
202201,恆春畜試所,,264
202112,恆春畜試所,,47
202111,恆春畜試所,,40
202110,恆春畜試所,,356
202109,恆春畜試所,,195
202108,恆春畜試所,,858
202107,恆春畜試所,,332
202106,恆春畜試所,,523
202105,恆春畜試所,,0
202104,恆春畜試所,,11
201912,恆春畜試所,,24
201911,恆春畜試所,,11
201910,恆春畜試所,*,47
201909,恆春畜試所,,353
201908,恆春畜試所,*,783
201907,恆春畜試所,*,535
201906,恆春畜試所,*,177
201905,恆春畜試所,*,202
201904,恆春畜試所,*,18
201903,恆春畜試所,*,29
201902,恆春畜試所,*,51
201901,恆春畜試所,*,72
201812,恆春畜試所,,15
201811,恆春畜試所,,14
201810,恆春畜試所,,XXX
201809,恆春畜試所,,285
201808,恆春畜試所,,XXX
201807,恆春畜試所,,362
201806,恆春畜試所,,542
201805,恆春畜試所,,32
201804,恆春畜試所,,18
201803,恆春畜試所,,38
201802,恆春畜試所,,39
201801,恆春畜試所,,36
201712,恆春畜試所,*,52
201711,恆春畜試所,,49
201710,恆春畜試所,,459
201709,恆春畜試所,,405
201708,恆春畜試所,*,201
201707,恆春畜試所,*,591
201706,恆春畜試所,,80
201705,恆春畜試所,,110
201704,恆春畜試所,,49
201703,恆春畜試所,,8
201702,恆春畜試所,,32
201701,恆春畜試所,,19
201612,恆春畜試所,*,0
201611,恆春畜試所,,76
201610,恆春畜試所,,533
201609,恆春畜試所,*,623
201608,恆春畜試所,,411
201607,恆春畜試所,,243
201606,恆春畜試所,,309
201605,恆春畜試所,,XXX
201604,恆春畜試所,,38
201603,恆春畜試所,*,43
201602,恆春畜試所,,7
201601,恆春畜試所,,96
201512,恆春畜試所,,4
201511,恆春畜試所,,36
201510,恆春畜試所,,64
201509,恆春畜試所,,41
201508,恆春畜試所,*,223
201507,恆春畜試所,,314
201506,恆春畜試所,,50
201505,恆春畜試所,,366
201504,恆春畜試所,,128
201503,恆春畜試所,,1
201502,恆春畜試所,,14
201501,恆春畜試所,,44
201412,恆春畜試所,,17
201411,恆春畜試所,,31
201410,恆春畜試所,,85
201409,恆春畜試所,,310
201408,恆春畜試所,,304
201407,恆春畜試所,,126
201406,恆春畜試所,,370
201405,恆春畜試所,,26
201404,恆春畜試所,,10
201403,恆春畜試所,,64
201402,恆春畜試所,,49
201401,恆春畜試所,,12
201312,恆春畜試所,,91
201311,恆春畜試所,*,75
201310,恆春畜試所,,13
201309,恆春畜試所,,373
201308,恆春畜試所,,609
201307,恆春畜試所,*,228
201306,恆春畜試所,,245
201305,恆春畜試所,,250
201304,恆春畜試所,,84
201303,恆春畜試所,,4
201302,恆春畜試所,,51
201301,恆春畜試所,,100
201212,恆春畜試所,,72
201211,恆春畜試所,,77
201210,恆春畜試所,,18
201209,恆春畜試所,,89
201208,恆春畜試所,,884
201207,恆春畜試所,,526
201206,恆春畜試所,,692
201205,恆春畜試所,,388
201204,恆春畜試所,,56
201203,恆春畜試所,,6
201202,恆春畜試所,,117
201201,恆春畜試所,,2
201112,恆春畜試所,,41
201111,恆春畜試所,,無資料
201110,恆春畜試所,,17
201109,恆春畜試所,,69
201108,恆春畜試所,*,9
201107,恆春畜試所,,485
201106,恆春畜試所,,419
201105,恆春畜試所,,136
201104,恆春畜試所,,51
201103,恆春畜試所,,7
201102,恆春畜試所,,51
201101,恆春畜試所,,18
201012,恆春畜試所,,4
201011,恆春畜試所,,9
201010,恆春畜試所,,544
201009,恆春畜試所,,776
201008,恆春畜試所,*,226
201007,恆春畜試所,,271
201006,恆春畜試所,,120
201708,恆春畜試分所,*,201
201707,恆春畜試分所,*,591
201706,恆春畜試分所,,80
201705,恆春畜試分所,,110
201704,恆春畜試分所,,49
201703,恆春畜試分所,,8
201702,恆春畜試分所,,32
201701,恆春畜試分所,,19
201612,恆春畜試分所,*,0
201611,恆春畜試分所,,76
201610,恆春畜試分所,,533
201609,恆春畜試分所,*,623
201608,恆春畜試分所,,411
201607,恆春畜試分所,,243
201606,恆春畜試分所,,309
201605,恆春畜試分所,,無資料
201604,恆春畜試分所,,38
201603,恆春畜試分所,*,43
201602,恆春畜試分所,,7
201601,恆春畜試分所,,96
201512,恆春畜試分所,,4
201511,恆春畜試分所,,36
201510,恆春畜試分所,,64
201509,恆春畜試分所,,41
202312,恆春工作站,,0
202311,恆春工作站,*,0
202310,恆春工作站,,182
202309,恆春工作站,,224
202308,恆春工作站,*,224
202307,恆春工作站,,234
202306,恆春工作站,,311
202305,恆春工作站,,49
202304,恆春工作站,,7
202303,恆春工作站,,0
202302,恆春工作站,,1
202301,恆春工作站,,2
202212,恆春工作站,,1
202211,恆春工作站,,1
202210,恆春工作站,,77
202209,恆春工作站,,13
202208,恆春工作站,,156
202207,恆春工作站,,165
202206,恆春工作站,,116
202205,恆春工作站,,301
202204,恆春工作站,,19
202203,恆春工作站,,47
202202,恆春工作站,,10
202201,恆春工作站,,127
202112,恆春工作站,,1
202111,恆春工作站,,9
202110,恆春工作站,,256
202109,恆春工作站,,57
202108,恆春工作站,,596
202107,恆春工作站,,256
202106,恆春工作站,,453
202105,恆春工作站,,8
202104,恆春工作站,,1
202312,布袋國中,,5
202311,布袋國中,,2
202310,布袋國中,*,8
202309,布袋國中,*,99
202308,布袋國中,*,115
202312,崎峰國小,,2
202311,崎峰國小,,0
202310,崎峰國小,*,65
202309,崎峰國小,*,345
202308,崎峰國小,*,502
202306,宜蘭畜試所,,207
202305,宜蘭畜試所,,100
202304,宜蘭畜試所,,71
202303,宜蘭畜試所,,95
202302,宜蘭畜試所,,260
202301,宜蘭畜試所,,381
202212,宜蘭畜試所,,933
202211,宜蘭畜試所,,792
202210,宜蘭畜試所,,985
202209,宜蘭畜試所,,321
202208,宜蘭畜試所,,8
202207,宜蘭畜試所,,6
202206,宜蘭畜試所,,105
202205,宜蘭畜試所,,341
202204,宜蘭畜試所,,56
202203,宜蘭畜試所,,138
202202,宜蘭畜試所,,712
202201,宜蘭畜試所,,673
202112,宜蘭畜試所,,297
202111,宜蘭畜試所,,268
202110,宜蘭畜試所,,470
202109,宜蘭畜試所,,171
202108,宜蘭畜試所,,125
202107,宜蘭畜試所,,175
202106,宜蘭畜試所,,200
202105,宜蘭畜試所,,103
202104,宜蘭畜試所,,79
202205,太湖分場,,718
202204,太湖分場,,82
202203,太湖分場,,316
202202,太湖分場,,206
202201,太湖分場,,57
202112,太湖分場,,71
202111,太湖分場,,12
202110,太湖分場,,10
202109,太湖分場,,149
202108,太湖分場,,556
202107,太湖分場,,392
202106,太湖分場,,481
202105,太湖分場,,294
202104,太湖分場,,28
202103,太湖分場,,57
202102,太湖分場,,37
202101,太湖分場,,14
202012,太湖分場,,30
202011,太湖分場,,0
202010,太湖分場,,0
202009,太湖分場,,22
202008,太湖分場,,187
202007,太湖分場,,104
202006,太湖分場,,77
202306,大湖分場,,203
202305,大湖分場,,339
202304,大湖分場,,353
202303,大湖分場,,27
202302,大湖分場,,16
202301,大湖分場,,5
202212,大湖分場,,24
202211,大湖分場,,27
202210,大湖分場,*,18
202209,大湖分場,*,271
202208,大湖分場,,97
202207,大湖分場,,112
202206,大湖分場,,631
202205,大湖分場,,718
202204,大湖分場,,82
202203,大湖分場,,316
202202,大湖分場,,206
202201,大湖分場,,57
202112,大湖分場,,71
202111,大湖分場,,12
202110,大湖分場,,10
202109,大湖分場,,149
202108,大湖分場,,556
202107,大湖分場,,392
202106,大湖分場,,481
202105,大湖分場,,294
202104,大湖分場,,28
202103,大湖分場,,57
202102,大湖分場,,37
202101,大湖分場,,14
202012,大湖分場,,30
202011,大湖分場,,0
201912,大湖分場,*,139
201911,大湖分場,,0
201910,大湖分場,*,26
201909,大湖分場,*,52
201908,大湖分場,*,639
201907,大湖分場,*,17
201906,大湖分場,*,438
201905,大湖分場,*,416
201904,大湖分場,*,189
201903,大湖分場,,280
201902,大湖分場,,31
201901,大湖分場,*,30
201812,大湖分場,*,13
201811,大湖分場,*,17
201810,大湖分場,,XXX
201809,大湖分場,,XXX
201808,大湖分場,,XXX
201807,大湖分場,,XXX
201806,大湖分場,,XXX
201805,大湖分場,,XXX
201804,大湖分場,,XXX
201803,大湖分場,,XXX
201802,大湖分場,,XXX
201801,大湖分場,,XXX
202306,埔里分場,*,351
202305,埔里分場,*,288
202304,埔里分場,*,142
202303,埔里分場,,28
202302,埔里分場,,15
202301,埔里分場,,15
202212,埔里分場,,21
202211,埔里分場,,16
202210,埔里分場,,77
202209,埔里分場,,118
202208,埔里分場,,163
202207,埔里分場,,375
202206,埔里分場,,405
202205,埔里分場,,471
202204,埔里分場,,108
202203,埔里分場,,139
202202,埔里分場,,139
202201,埔里分場,,54
202112,埔里分場,,26
202111,埔里分場,*,12
202110,埔里分場,,42
202109,埔里分場,,213
202108,埔里分場,,547
202107,埔里分場,,323
202106,埔里分場,*,514
202105,埔里分場,,254
202104,埔里分場,,51
202103,埔里分場,,24
202102,埔里分場,,0
202101,埔里分場,,16
202012,埔里分場,,無資料
202011,埔里分場,,無資料
202312,四湖植物園,*,6
202311,四湖植物園,,0
202310,四湖植物園,,16
202309,四湖植物園,,159
202308,四湖植物園,,104
202307,四湖植物園,*,69
202306,四湖植物園,,136
202305,四湖植物園,,153
202304,四湖植物園,,101
202303,四湖植物園,,16
202302,四湖植物園,,10
202301,四湖植物園,,4
202212,四湖植物園,,14
202211,四湖植物園,,8
202210,四湖植物園,*,12
202209,四湖植物園,,9
202208,四湖植物園,,108
202207,四湖植物園,,40
202206,四湖植物園,,219
202205,四湖植物園,,293
202204,四湖植物園,*,21
202203,四湖植物園,,105
202202,四湖植物園,*,75
202201,四湖植物園,,26
202112,四湖植物園,,17
202111,四湖植物園,,6
202110,四湖植物園,,19
202109,四湖植物園,,24
202108,四湖植物園,,697
202107,四湖植物園,,119
202106,四湖植物園,,440
202105,四湖植物園,,123
202104,四湖植物園,,38
202103,四湖植物園,,7
202102,四湖植物園,,26
202101,四湖植物園,,1
202012,四湖植物園,,無資料
202011,四湖植物園,,無資料
202306,嘉義分場,*,72
202305,嘉義分場,,55
202304,嘉義分場,,12
202303,嘉義分場,,8
202302,嘉義分場,,0
202301,嘉義分場,,7
202212,嘉義分場,,12
202211,嘉義分場,,1
202210,嘉義分場,,7
202209,嘉義分場,,58
202208,嘉義分場,*,118
202207,嘉義分場,,75
202206,嘉義分場,,189
202205,嘉義分場,,278
202204,嘉義分場,,124
202203,嘉義分場,,54
202202,嘉義分場,,68
202201,嘉義分場,,27
202112,嘉義分場,,20
202111,嘉義分場,,13
202110,嘉義分場,,6
202109,嘉義分場,,33
202108,嘉義分場,,664
202107,嘉義分場,,142
202106,嘉義分場,,434
202105,嘉義分場,,168
202104,嘉義分場,,5
201512,台東班鳩分場,*,42
201511,台東班鳩分場,,103
201510,台東班鳩分場,,62
201509,台東班鳩分場,,79
201508,台東班鳩分場,,203
201507,台東班鳩分場,,299
201506,台東班鳩分場,,6
201505,台東班鳩分場,,262
201504,台東班鳩分場,,64
201503,台東班鳩分場,*,55
201502,台東班鳩分場,*,1
201501,台東班鳩分場,,31
201412,台東班鳩分場,,24
201411,台東班鳩分場,,16
201410,台東班鳩分場,*,13
201409,台東班鳩分場,,546
201408,台東班鳩分場,,130
201407,台東班鳩分場,,220
201406,台東班鳩分場,,195
201405,台東班鳩分場,,91
201404,台東班鳩分場,*,71
201403,台東班鳩分場,,71
201402,台東班鳩分場,,95
201401,台東班鳩分場,,1
201312,台東班鳩分場,,57
201311,台東班鳩分場,*,153
201310,台東班鳩分場,,27
201309,台東班鳩分場,,480
201308,台東班鳩分場,,228
201307,台東班鳩分場,,180
201306,台東班鳩分場,,326
201305,台東班鳩分場,,305
201304,台東班鳩分場,,65
201303,台東班鳩分場,,10
201302,台東班鳩分場,,46
201301,台東班鳩分場,,33
201212,台東班鳩分場,,98
201211,台東班鳩分場,,85
201210,台東班鳩分場,,34
201209,台東班鳩分場,,212
201208,台東班鳩分場,,637
201207,台東班鳩分場,,292
201206,台東班鳩分場,,566
201205,台東班鳩分場,,226
201204,台東班鳩分場,,84
201203,台東班鳩分場,,53
201202,台東班鳩分場,,83
201201,台東班鳩分場,,41
201112,台東班鳩分場,,72
201111,台東班鳩分場,,595
201110,台東班鳩分場,,468
201109,台東班鳩分場,,180
201108,台東班鳩分場,,554
201107,台東班鳩分場,,524
201106,台東班鳩分場,,501
201105,台東班鳩分場,,284
201104,台東班鳩分場,,94
201103,台東班鳩分場,,16
201102,台東班鳩分場,,20
201101,台東班鳩分場,,16
201012,台東班鳩分場,,19
201011,台東班鳩分場,,48
201010,台東班鳩分場,,327
201009,台東班鳩分場,,970
201008,台東班鳩分場,,134
201007,台東班鳩分場,,264
201006,台東班鳩分場,,61
201005,台東班鳩分場,,169
201004,台東班鳩分場,,37
201003,台東班鳩分場,,21
201002,台東班鳩分場,,37
201001,台東班鳩分場,,52
201708,台東斑鳩分場,,224
201707,台東斑鳩分場,,251
201706,台東斑鳩分場,,173
201705,台東斑鳩分場,*,180
201704,台東斑鳩分場,,125
201703,台東斑鳩分場,,47
201702,台東斑鳩分場,*,12
201701,台東斑鳩分場,*,5
201612,台東斑鳩分場,*,19
201611,台東斑鳩分場,,154
201610,台東斑鳩分場,,1132
201609,台東斑鳩分場,*,1061
201608,台東斑鳩分場,,無資料
201607,台東斑鳩分場,,165
201606,台東斑鳩分場,,57
201605,台東斑鳩分場,,85
201604,台東斑鳩分場,,71
201603,台東斑鳩分場,,25
201602,台東斑鳩分場,,25
201601,台東斑鳩分場,,130
201512,台東斑鳩分場,*,42
201511,台東斑鳩分場,,103
201510,台東斑鳩分場,,62
201509,台東斑鳩分場,,79
202312,台大溪頭,,69
202311,台大溪頭,*,5
202310,台大溪頭,,166
202309,台大溪頭,,395
202308,台大溪頭,,417
202307,台大溪頭,,416
202306,台大溪頭,*,486
202305,台大溪頭,,463
202304,台大溪頭,,XXX
202303,台大溪頭,,46
202302,台大溪頭,,9
202301,台大溪頭,,28
202212,台大溪頭,,40
202211,台大溪頭,,11
202210,台大溪頭,*,63
202209,台大溪頭,*,401
202208,台大溪頭,,226
202207,台大溪頭,,118
202206,台大溪頭,,219
202205,台大溪頭,,424
202204,台大溪頭,,88
202203,台大溪頭,,132
202202,台大溪頭,,159
202201,台大溪頭,,77
202112,台大溪頭,,30
202111,台大溪頭,,30
202110,台大溪頭,,57
202109,台大溪頭,,174
202108,台大溪頭,,722
202107,台大溪頭,,354
202106,台大溪頭,,652
202105,台大溪頭,,125
202104,台大溪頭,*,20
202103,台大溪頭,,27
202102,台大溪頭,,27
202101,台大溪頭,,15
202012,台大溪頭,,66
202011,台大溪頭,,15
202312,台中農改場,,10
202311,台中農改場,,0
202310,台中農改場,,30
202309,台中農改場,,268
202308,台中農改場,,143
202307,台中農改場,,79
202306,台中農改場,,133
202305,台中農改場,,175
202304,台中農改場,,44
202303,台中農改場,,6
202302,台中農改場,,5
202301,台中農改場,,6
202212,台中農改場,,14
202211,台中農改場,,10
202210,台中農改場,,7
202209,台中農改場,,50
202208,台中農改場,*,92
202207,台中農改場,,63
202206,台中農改場,,218
202205,台中農改場,,360
202204,台中農改場,,43
202203,台中農改場,,110
202202,台中農改場,,100
202201,台中農改場,,29
202112,台中農改場,,2
202111,台中農改場,,0
202110,台中農改場,,1
202109,台中農改場,,7
202108,台中農改場,,592
202107,台中農改場,,173
202106,台中農改場,,492
202105,台中農改場,,216
202104,台中農改場,*,0
202103,台中農改場,,14
202102,台中農改場,,32
202101,台中農改場,,4
202012,台中農改場,,37
202011,台中農改場,,5
201712,台中農改場,,9
201711,台中農改場,,24
201710,台中農改場,,65
201709,台中農改場,,32
201708,台中農改場,,41
201707,台中農改場,,無資料
201706,台中農改場,,817
201705,台中農改場,,73
201704,台中農改場,,92
201703,台中農改場,*,32
201702,台中農改場,*,9
201701,台中農改場,*,2
201612,台中農改場,*,11
201611,台中農改場,,62
201610,台中農改場,*,12
201609,台中農改場,*,216
201608,台中農改場,,無資料
201607,台中農改場,*,72
201606,台中農改場,,210
201605,台中農改場,,24
201604,台中農改場,,179
201603,台中農改場,,155
201602,台中農改場,*,24
201601,台中農改場,,188
201512,台中農改場,,27
201511,台中農改場,,2
201510,台中農改場,,20
201509,台中農改場,,199
201508,台中農改場,,323
201507,台中農改場,,23
201506,台中農改場,,58
201505,台中農改場,,534
201504,台中農改場,,36
201503,台中農改場,,9
201502,台中農改場,,11
201501,台中農改場,,10
201412,台中農改場,,25
201411,台中農改場,,3
201410,台中農改場,,0
201409,台中農改場,,70
201408,台中農改場,,184
201407,台中農改場,,101
201406,台中農改場,,132
201405,台中農改場,,428
201404,台中農改場,,14
201403,台中農改場,,42
201402,台中農改場,,25
201401,台中農改場,*,4
201312,台中農改場,,62
201311,台中農改場,*,21
201310,台中農改場,,1
201309,台中農改場,*,17
201308,台中農改場,*,463
201307,台中農改場,,330
201306,台中農改場,,64
201305,台中農改場,,無資料
201304,台中農改場,,無資料
201303,台中農改場,,56
201302,台中農改場,,3
201301,台中農改場,,9
201212,台中農改場,,59
201211,台中農改場,,108
201210,台中農改場,,0
201209,台中農改場,,16
201208,台中農改場,,442
201207,台中農改場,,242
201206,台中農改場,,272
201205,台中農改場,,256
201204,台中農改場,*,213
201203,台中農改場,,22
201202,台中農改場,,83
201201,台中農改場,,40
201112,台中農改場,,38
201111,台中農改場,,172
201110,台中農改場,,15
201109,台中農改場,,52
201108,台中農改場,,64
201107,台中農改場,,554
201106,台中農改場,,82
201105,台中農改場,,103
201104,台中農改場,,2
201103,台中農改場,,20
201102,台中農改場,,18
201101,台中農改場,,28
201012,台中農改場,,23
201011,台中農改場,,17
201010,台中農改場,,0
201009,台中農改場,,100
201008,台中農改場,,171
201007,台中農改場,,289
201006,台中農改場,,392
201005,台中農改場,,88
201004,台中農改場,,114
201003,台中農改場,,22
201002,台中農改場,,83
201001,台中農改場,,26
202312,口湖工作站,,6
202311,口湖工作站,,0
202310,口湖工作站,,21
202309,口湖工作站,,146
202308,口湖工作站,,183
202307,口湖工作站,,141
202306,口湖工作站,,150
202305,口湖工作站,,95
202304,口湖工作站,,92
202303,口湖工作站,*,3
202302,口湖工作站,,3
202301,口湖工作站,,5
202212,口湖工作站,,26
202211,口湖工作站,,5
202210,口湖工作站,,11
202209,口湖工作站,,8
202208,口湖工作站,,114
202207,口湖工作站,,116
202206,口湖工作站,,170
202205,口湖工作站,,239
202204,口湖工作站,,43
202203,口湖工作站,,83
202202,口湖工作站,,58
202201,口湖工作站,,21
202112,口湖工作站,,12
202111,口湖工作站,,3
202110,口湖工作站,,4
202109,口湖工作站,,45
202108,口湖工作站,,617
202107,口湖工作站,,124
202106,口湖工作站,,372
202105,口湖工作站,,82
202104,口湖工作站,,16
202103,口湖工作站,,3
202102,口湖工作站,,18
202101,口湖工作站,,0
202012,口湖工作站,,無資料
202011,口湖工作站,,無資料
202312,南改鹿草分場,,7
202311,南改鹿草分場,,0
202310,南改鹿草分場,,9
202309,南改鹿草分場,*,28
202308,南改鹿草分場,,142
202307,南改鹿草分場,,184
202306,南改鹿草分場,*,72
202305,南改鹿草分場,*,55
202304,南改鹿草分場,,12
202303,南改鹿草分場,,8
202302,南改鹿草分場,,0
202301,南改鹿草分場,,7
202212,南改鹿草分場,,12
202211,南改鹿草分場,,1
202210,南改鹿草分場,,7
202209,南改鹿草分場,,58
202208,南改鹿草分場,*,118
202207,南改鹿草分場,,75
202206,南改鹿草分場,,189
202205,南改鹿草分場,,278
202204,南改鹿草分場,,124
202203,南改鹿草分場,,54
202202,南改鹿草分場,,68
202201,南改鹿草分場,,27
202112,南改鹿草分場,,20
202111,南改鹿草分場,,13
202110,南改鹿草分場,,6
202109,南改鹿草分場,,33
202312,南改義竹分場,,9
202311,南改義竹分場,*,1
202310,南改義竹分場,,38
202309,南改義竹分場,,145
202308,南改義竹分場,,209
202307,南改義竹分場,,272
202306,南改義竹分場,*,127
202305,南改義竹分場,,37
202304,南改義竹分場,,21
202303,南改義竹分場,,6
202302,南改義竹分場,,0
202301,南改義竹分場,,13
202212,南改義竹分場,,14
202211,南改義竹分場,,2
202210,南改義竹分場,,6
202209,南改義竹分場,,37
202208,南改義竹分場,,127
202207,南改義竹分場,,75
202206,南改義竹分場,,195
202205,南改義竹分場,,357
202204,南改義竹分場,,93
202203,南改義竹分場,,50
202202,南改義竹分場,,91
202201,南改義竹分場,,33
202112,南改義竹分場,,18
202111,南改義竹分場,,17
202110,南改義竹分場,,9
202109,南改義竹分場,,21
202108,南改義竹分場,,692
202107,南改義竹分場,,129
202106,南改義竹分場,,563
202105,南改義竹分場,,167
202104,南改義竹分場,,13
202312,南改斗南分場,*,15
202311,南改斗南分場,,0
202310,南改斗南分場,,32
202309,南改斗南分場,,175
202308,南改斗南分場,,211
202307,南改斗南分場,,210
202306,南改斗南分場,,204
202305,南改斗南分場,,151
202304,南改斗南分場,,30
202303,南改斗南分場,,12
202302,南改斗南分場,,0
202301,南改斗南分場,,8
202212,南改斗南分場,,19
202211,南改斗南分場,,2
202210,南改斗南分場,,5
202209,南改斗南分場,,36
202208,南改斗南分場,,481
202207,南改斗南分場,,65
202206,南改斗南分場,*,187
202205,南改斗南分場,*,220
202204,南改斗南分場,,46
202203,南改斗南分場,,98
202202,南改斗南分場,,96
202201,南改斗南分場,,29
202112,南改斗南分場,,29
202111,南改斗南分場,,7
202110,南改斗南分場,,13
202109,南改斗南分場,,77
202308,凍頂茶改場,,559
202307,凍頂茶改場,,574
202306,凍頂茶改場,,566
202305,凍頂茶改場,,168
202304,凍頂茶改場,,106
202303,凍頂茶改場,,33
202302,凍頂茶改場,,5
202301,凍頂茶改場,,14
202212,凍頂茶改場,,20
202211,凍頂茶改場,,6
202210,凍頂茶改場,,28
202209,凍頂茶改場,,243
202208,凍頂茶改場,,347
202207,凍頂茶改場,,221
202206,凍頂茶改場,,437
202205,凍頂茶改場,,450
202204,凍頂茶改場,,141
202203,凍頂茶改場,,114
202202,凍頂茶改場,,132
202201,凍頂茶改場,,42
202112,凍頂茶改場,,19
202111,凍頂茶改場,,13
202110,凍頂茶改場,,25
202109,凍頂茶改場,,222
202108,凍頂茶改場,,745
202107,凍頂茶改場,,414
202106,凍頂茶改場,,953
202105,凍頂茶改場,,171
202104,凍頂茶改場,,44
202103,凍頂茶改場,,13
202102,凍頂茶改場,,28
202101,凍頂茶改場,,11
202012,凍頂茶改場,,36
202011,凍頂茶改場,,8
202010,凍頂茶改場,,1
202009,凍頂茶改場,,183
202008,凍頂茶改場,,443
202007,凍頂茶改場,,323
202006,凍頂茶改場,,168
201912,凍頂茶改場,*,160
201911,凍頂茶改場,*,0
201910,凍頂茶改場,*,23
201909,凍頂茶改場,,150
201908,凍頂茶改場,*,589
201907,凍頂茶改場,*,192
201906,凍頂茶改場,,672
201905,凍頂茶改場,*,446
201904,凍頂茶改場,*,75
201903,凍頂茶改場,,139
201902,凍頂茶改場,,7
201901,凍頂茶改場,*,9
201812,凍頂茶改場,*,1
201811,凍頂茶改場,*,21
201810,凍頂茶改場,,XXX
201809,凍頂茶改場,,XXX
201808,凍頂茶改場,,XXX
201807,凍頂茶改場,,XXX
201806,凍頂茶改場,,XXX
201805,凍頂茶改場,,XXX
201804,凍頂茶改場,,XXX
201803,凍頂茶改場,,XXX
201802,凍頂茶改場,,XXX
201801,凍頂茶改場,,XXX
202312,六官養殖協會,,12
202311,六官養殖協會,,0
202310,六官養殖協會,*,35
202309,六官養殖協會,*,195
202308,六官養殖協會,*,244
202306,五峰工作站,,332
202305,五峰工作站,,278
202304,五峰工作站,,252
202303,五峰工作站,,46
202302,五峰工作站,,34
202301,五峰工作站,,23
202212,五峰工作站,,76
202211,五峰工作站,,107
202210,五峰工作站,,152
202209,五峰工作站,,895
202208,五峰工作站,,121
202207,五峰工作站,,199
202206,五峰工作站,*,308
202205,五峰工作站,,399
202204,五峰工作站,,85
202203,五峰工作站,,253
202202,五峰工作站,,315
202201,五峰工作站,,84
202112,五峰工作站,,35
202111,五峰工作站,,23
202110,五峰工作站,,70
202109,五峰工作站,,156
202108,五峰工作站,,403
202107,五峰工作站,,888
202106,五峰工作站,,324
202105,五峰工作站,,174
202104,五峰工作站,,69
202103,五峰工作站,,91
202102,五峰工作站,,30
202101,五峰工作站,,50
202012,五峰工作站,,89
202011,五峰工作站,,29
202010,五峰工作站,,44
202009,五峰工作站,,192
202008,五峰工作站,,140
202007,五峰工作站,,103
202006,五峰工作站,,57
201912,五峰工作站,*,121
201911,五峰工作站,,4
201910,五峰工作站,*,144
201909,五峰工作站,*,132
201908,五峰工作站,,563
201907,五峰工作站,*,168
201906,五峰工作站,*,470
201905,五峰工作站,*,378
201904,五峰工作站,*,150
201903,五峰工作站,*,278
201902,五峰工作站,*,23
201901,五峰工作站,,55
201812,五峰工作站,,21
201811,五峰工作站,,48
201810,五峰工作站,,95
201809,五峰工作站,,159
201808,五峰工作站,,410
201807,五峰工作站,*,370
201806,五峰工作站,,278
201805,五峰工作站,*,96
201804,五峰工作站,,75
201803,五峰工作站,,105
201802,五峰工作站,,186
201801,五峰工作站,*,327
201712,五峰工作站,*,53
201711,五峰工作站,,74
201710,五峰工作站,,87
201709,五峰工作站,,169
201708,五峰工作站,,130
201707,五峰工作站,,458
201706,五峰工作站,,571
201705,五峰工作站,*,263
201704,五峰工作站,*,316
201703,五峰工作站,*,171
201702,五峰工作站,*,94
201701,五峰工作站,*,20
201612,五峰工作站,*,35
201611,五峰工作站,,132
201610,五峰工作站,*,83
201609,五峰工作站,,806
201608,五峰工作站,*,143
201607,五峰工作站,,140
201606,五峰工作站,,169
201605,五峰工作站,*,167
201604,五峰工作站,,204
201603,五峰工作站,,443
201602,五峰工作站,,109
201601,五峰工作站,,264
201512,五峰工作站,,147
201511,五峰工作站,,12
201510,五峰工作站,,44
201509,五峰工作站,,331
201508,五峰工作站,,581
201507,五峰工作站,*,482
201506,五峰工作站,,71
201505,五峰工作站,,329
201504,五峰工作站,,124
201503,五峰工作站,,105
201502,五峰工作站,,99
201501,五峰工作站,*,27
201412,五峰工作站,,123
201411,五峰工作站,,14
201410,五峰工作站,,49
201409,五峰工作站,,107
201408,五峰工作站,*,111
201407,五峰工作站,*,245
201406,五峰工作站,,184
201405,五峰工作站,,387
201404,五峰工作站,,93
201403,五峰工作站,,181
201402,五峰工作站,,167
201401,五峰工作站,,18
201312,五峰工作站,,207
201311,五峰工作站,,61
201310,五峰工作站,,425
201309,五峰工作站,,143
201308,五峰工作站,*,791
201307,五峰工作站,,1118
201306,五峰工作站,,96
201305,五峰工作站,,419
201304,五峰工作站,,366
201303,五峰工作站,,101
201302,五峰工作站,,12
201301,五峰工作站,,55
201212,五峰工作站,,215
201211,五峰工作站,,302
201210,五峰工作站,,58
201209,五峰工作站,,180
201208,五峰工作站,,1018
201207,五峰工作站,,194
201206,五峰工作站,,512
201205,五峰工作站,,381
201204,五峰工作站,,268
201203,五峰工作站,,92
201202,五峰工作站,,294
201201,五峰工作站,,249
201112,五峰工作站,,116
201111,五峰工作站,,284
201110,五峰工作站,,85
201109,五峰工作站,,57
201108,五峰工作站,,202
201107,五峰工作站,,345
201106,五峰工作站,,450
201105,五峰工作站,,378
201104,五峰工作站,,31
201103,五峰工作站,,120
201102,五峰工作站,,71
201101,五峰工作站,,104
201012,五峰工作站,,81
201011,五峰工作站,,38
201010,五峰工作站,,90
201009,五峰工作站,,289
201008,五峰工作站,,177
201007,五峰工作站,,284
201006,五峰工作站,,381
201005,五峰工作站,,190
201004,五峰工作站,,202
201003,五峰工作站,,79
201002,五峰工作站,,272
201001,五峰工作站,,129
202312,中改埔里分場,*,61
202311,中改埔里分場,*,4
202310,中改埔里分場,,82
202309,中改埔里分場,,381
202308,中改埔里分場,,358
202307,中改埔里分場,,432
202306,中改埔里分場,,351
202305,中改埔里分場,*,288
202304,中改埔里分場,*,142
202303,中改埔里分場,,28
202302,中改埔里分場,,15
202301,中改埔里分場,,15
202212,中改埔里分場,,21
202211,中改埔里分場,,16
202210,中改埔里分場,,77
202209,中改埔里分場,,118
202208,中改埔里分場,,163
202207,中改埔里分場,,375
202206,中改埔里分場,,405
202205,中改埔里分場,,471
202204,中改埔里分場,,108
202203,中改埔里分場,,139
202202,中改埔里分場,,139
202201,中改埔里分場,,54
202112,中改埔里分場,,26
202111,中改埔里分場,*,12
202110,中改埔里分場,,42
202109,中改埔里分場,,213
202312,七股研究中心,,7
202311,七股研究中心,,0
202310,七股研究中心,*,13
202309,七股研究中心,*,254
202308,七股研究中心,*,361
202307,七股研究中心,,275
202306,七股研究中心,,172
202305,七股研究中心,,41
202304,七股研究中心,,8
202303,七股研究中心,,0
202302,七股研究中心,,0
202301,七股研究中心,,6
202212,七股研究中心,,5
202211,七股研究中心,,8
202210,七股研究中心,,6
202209,七股研究中心,*,12
202208,七股研究中心,,182
202207,七股研究中心,,168
202206,七股研究中心,,106
202205,七股研究中心,,285
202204,七股研究中心,,43
202203,七股研究中心,,46
202202,七股研究中心,,87
202201,七股研究中心,,47
202112,七股研究中心,,26
202111,七股研究中心,,15
202110,七股研究中心,,22
202109,七股研究中心,,50
202108,七股研究中心,,554
202107,七股研究中心,,304
202106,七股研究中心,,410
202105,七股研究中心,,61
202104,七股研究中心,,26
202110,畜試東區分所,,356
202109,畜試東區分所,,195
202110,畜試南區分所,,470
202109,畜試南區分所,,171
202306,賓朗果園,,250
202305,賓朗果園,,159
202304,賓朗果園,,36
202303,賓朗果園,,24
202302,賓朗果園,,25
202301,賓朗果園,,23
202212,賓朗果園,*,1
202211,賓朗果園,,65
202210,賓朗果園,,410
202209,賓朗果園,,100
202208,賓朗果園,,210
202207,賓朗果園,,50
202206,賓朗果園,,184
202205,賓朗果園,,177
202204,賓朗果園,,180
202203,賓朗果園,,31
202202,賓朗果園,,82
202201,賓朗果園,,138
202112,賓朗果園,,50
202111,賓朗果園,,38
202110,賓朗果園,,695
202109,賓朗果園,,72
202108,賓朗果園,,326
202107,賓朗果園,,113
202106,賓朗果園,,118
202105,賓朗果園,,95
202104,賓朗果園,,57
202306,蘭陽分場,,187
202305,蘭陽分場,,114
202304,蘭陽分場,,61
202303,蘭陽分場,,61
202302,蘭陽分場,,127
202301,蘭陽分場,,184
202212,蘭陽分場,,321
202211,蘭陽分場,,567
202210,蘭陽分場,,1412
202209,蘭陽分場,*,342
202208,蘭陽分場,,17
202207,蘭陽分場,,19
202206,蘭陽分場,,167
202205,蘭陽分場,,315
202204,蘭陽分場,,60
202203,蘭陽分場,,126
202202,蘭陽分場,,358
202201,蘭陽分場,,369
202112,蘭陽分場,,136
202111,蘭陽分場,,183
202110,蘭陽分場,,553
202109,蘭陽分場,,120
202108,蘭陽分場,,198
202107,蘭陽分場,*,106
202106,蘭陽分場,,206
202105,蘭陽分場,,107
202104,蘭陽分場,,77
201712,蘭陽分場,*,556
201711,蘭陽分場,,468
201710,蘭陽分場,,636
201709,蘭陽分場,,448
201708,蘭陽分場,,63
201707,蘭陽分場,,155
201706,蘭陽分場,,277
201705,蘭陽分場,,209
201704,蘭陽分場,*,147
201703,蘭陽分場,*,85
201702,蘭陽分場,,66
201701,蘭陽分場,,103
201612,蘭陽分場,,XXX
201611,蘭陽分場,,XXX
201610,蘭陽分場,*,483
201609,蘭陽分場,*,741
201608,蘭陽分場,,148
201607,蘭陽分場,*,244
201606,蘭陽分場,,214
201605,蘭陽分場,*,290
201604,蘭陽分場,*,78
201603,蘭陽分場,,172
201602,蘭陽分場,,84
201601,蘭陽分場,,131
201512,蘭陽分場,*,116
201511,蘭陽分場,,387
201510,蘭陽分場,,421
201509,蘭陽分場,,381
201508,蘭陽分場,,705
201507,蘭陽分場,,81
201506,蘭陽分場,,97
201505,蘭陽分場,,209
201504,蘭陽分場,,108
201503,蘭陽分場,,274
201502,蘭陽分場,,74
201501,蘭陽分場,*,38
201412,蘭陽分場,,157
201411,蘭陽分場,,225
201410,蘭陽分場,,61
201409,蘭陽分場,,389
201408,蘭陽分場,,97
201407,蘭陽分場,,248
201406,蘭陽分場,,240
201405,蘭陽分場,,248
201404,蘭陽分場,,71
201403,蘭陽分場,,98
201402,蘭陽分場,,181
201401,蘭陽分場,,55
201312,蘭陽分場,,375
201311,蘭陽分場,,361
201310,蘭陽分場,,157
201309,蘭陽分場,,391
201308,蘭陽分場,,334
201307,蘭陽分場,,121
201306,蘭陽分場,,73
201305,蘭陽分場,,152
201304,蘭陽分場,,151
201303,蘭陽分場,,47
201302,蘭陽分場,,100
201301,蘭陽分場,,147
201212,蘭陽分場,,320
201211,蘭陽分場,,無資料
201210,蘭陽分場,,187
201209,蘭陽分場,,115
201208,蘭陽分場,,597
201207,蘭陽分場,,157
201206,蘭陽分場,,290
201205,蘭陽分場,,397
201204,蘭陽分場,,79
201203,蘭陽分場,,97
201202,蘭陽分場,,172
201201,蘭陽分場,,153
201112,蘭陽分場,,340
201111,蘭陽分場,,644
201110,蘭陽分場,,729
201109,蘭陽分場,,144
201108,蘭陽分場,,160
201107,蘭陽分場,,252
201106,蘭陽分場,,124
201105,蘭陽分場,,326
201104,蘭陽分場,,6
201103,蘭陽分場,,129
201102,蘭陽分場,,40
201101,蘭陽分場,,93
201012,蘭陽分場,,103
201011,蘭陽分場,,328
201010,蘭陽分場,,1098
201009,蘭陽分場,,269
201008,蘭陽分場,,103
201007,蘭陽分場,,39
201006,蘭陽分場,,190
201005,蘭陽分場,,76
201004,蘭陽分場,,77
201003,蘭陽分場,,21
201002,蘭陽分場,,153
201001,蘭陽分場,,157
202306,義竹分場,*,127
202305,義竹分場,,37
202304,義竹分場,,21
202303,義竹分場,,6
202302,義竹分場,,0
202301,義竹分場,,13
202212,義竹分場,,14
202211,義竹分場,,2
202210,義竹分場,,6
202209,義竹分場,,37
202208,義竹分場,,127
202207,義竹分場,,75
202206,義竹分場,,195
202205,義竹分場,,357
202204,義竹分場,,93
202203,義竹分場,,50
202202,義竹分場,,91
202201,義竹分場,,33
202112,義竹分場,,18
202111,義竹分場,,17
202110,義竹分場,,9
202109,義竹分場,,21
202108,義竹分場,,692
202107,義竹分場,,129
202106,義竹分場,,563
202105,義竹分場,,167
202104,義竹分場,,13
202306,班鳩分場,*,190
202305,班鳩分場,*,157
202304,班鳩分場,*,34
202303,班鳩分場,,18
202302,班鳩分場,,29
202301,班鳩分場,,23
202212,班鳩分場,,16
202211,班鳩分場,,64
202210,班鳩分場,,352
202209,班鳩分場,,104
202208,班鳩分場,,188
202207,班鳩分場,,32
202206,班鳩分場,*,173
202205,班鳩分場,,174
202204,班鳩分場,,222
202203,班鳩分場,,31
202202,班鳩分場,,63
202201,班鳩分場,,129
202112,班鳩分場,,38
202111,班鳩分場,,47
202110,班鳩分場,,709
202109,班鳩分場,,123
202108,班鳩分場,,349
202107,班鳩分場,,116
202106,班鳩分場,,176
202105,班鳩分場,,108
202104,班鳩分場,,60
202306,旗南農改,*,316
202305,旗南農改,*,99
202304,旗南農改,*,9
202303,旗南農改,,0
202302,旗南農改,,0
202301,旗南農改,,0
202212,旗南農改,*,23
202211,旗南農改,,1
202210,旗南農改,,100
202209,旗南農改,,130
202208,旗南農改,,453
202207,旗南農改,,123
202206,旗南農改,,217
202205,旗南農改,,290
202204,旗南農改,,4
202203,旗南農改,,24
202202,旗南農改,,43
202201,旗南農改,,34
202112,旗南農改,,10
202111,旗南農改,,5
202110,旗南農改,,70
202109,旗南農改,,173
202108,旗南農改,,1369
202107,旗南農改,,750
202106,旗南農改,,1192
202105,旗南農改,,20
202104,旗南農改,,18
202306,嘉義農試所,,209
202305,嘉義農試所,,130
202304,嘉義農試所,,64
202303,嘉義農試所,,8
202302,嘉義農試所,,0
202301,嘉義農試所,,11
202212,嘉義農試所,,32
202211,嘉義農試所,,2
202210,嘉義農試所,,9
202209,嘉義農試所,,48
202208,嘉義農試所,,538
202207,嘉義農試所,,138
202206,嘉義農試所,,266
202205,嘉義農試所,,249
202204,嘉義農試所,,77
202203,嘉義農試所,,90
202202,嘉義農試所,,88
202201,嘉義農試所,,27
202112,嘉義農試所,,19
202111,嘉義農試所,,14
202110,嘉義農試所,,14
202109,嘉義農試所,,137
202108,嘉義農試所,,823
202107,嘉義農試所,,289
202106,嘉義農試所,,707
202105,嘉義農試所,,113
202104,嘉義農試所,,12
202305,農業試驗所,*,110
201712,台東班鳩分場,*,5
201711,台東班鳩分場,,32
201710,台東班鳩分場,,790
201709,台東班鳩分場,,114
201708,台東班鳩分場,,224
201707,台東班鳩分場,,251
201706,台東班鳩分場,,173
201705,台東班鳩分場,*,180
201704,台東班鳩分場,,125
201703,台東班鳩分場,,47
201702,台東班鳩分場,*,12
201701,台東班鳩分場,*,5
201612,台東班鳩分場,*,19
201611,台東班鳩分場,,154
201610,台東班鳩分場,,1132
201609,台東班鳩分場,*,1061
201608,台東班鳩分場,,XXX
201607,台東班鳩分場,,165
201606,台東班鳩分場,,57
201605,台東班鳩分場,,85
201604,台東班鳩分場,,71
201603,台東班鳩分場,,25
201602,台東班鳩分場,,25
201601,台東班鳩分場,,130

